code,date,n1,n2,n3,n4,n5,n6,n7
26093,2026-08-14,4,9,6,5,0,8,7
26092,2026-08-11,7,8,3,8,5,6,12
26091,2026-08-09,7,9,5,8,5,0,6
26090,2026-08-07,7,0,1,6,1,2,6
26089,2026-08-04,7,1,8,9,3,4,0
26088,2026-08-02,9,5,1,9,5,9,2
26087,2026-07-31,3,9,9,2,8,6,10
26086,2026-07-28,9,7,1,0,3,4,0
26085,2026-07-26,8,3,7,0,5,1,4
26084,2026-07-24,6,3,8,4,4,0,7
26083,2026-07-21,5,2,1,9,6,3,12
26082,2026-07-19,9,4,7,1,0,4,7
26081,2026-07-17,4,2,3,3,5,5,8
26080,2026-07-14,3,1,2,4,9,4,6
26079,2026-07-12,5,6,8,3,8,7,14
26078,2026-07-10,4,4,8,7,5,1,12
26077,2026-07-07,5,4,0,5,5,2,9
26076,2026-07-05,8,0,5,1,5,0,2
26075,2026-07-03,4,7,4,5,8,2,3
26074,2026-06-30,9,4,8,8,1,2,6
26073,2026-06-28,6,6,8,4,8,9,0
26072,2026-06-26,0,8,3,4,5,6,6
26071,2026-06-23,4,7,9,6,3,5,7
26070,2026-06-21,3,1,5,1,4,6,6
26069,2026-06-19,7,9,5,4,3,2,7
26068,2026-06-16,7,5,1,1,6,2,5
26067,2026-06-14,3,6,5,7,1,4,3
26066,2026-06-12,3,5,6,9,7,0,12
26065,2026-06-09,7,4,9,0,7,3,1
26064,2026-06-07,2,3,3,7,2,5,9
26063,2026-06-05,5,0,7,6,6,6,5
26062,2026-06-02,5,6,7,0,3,1,3
26061,2026-05-31,0,2,0,8,4,8,12
26060,2026-05-29,3,1,3,0,3,2,14
26059,2026-05-26,0,6,9,2,3,4,4
26058,2026-05-24,3,7,4,1,2,3,1
26057,2026-05-22,3,3,5,0,5,6,1
26056,2026-05-19,2,0,7,2,5,0,12
26055,2026-05-17,5,5,6,3,8,5,3
26054,2026-05-15,9,6,4,5,3,2,8
26053,2026-05-12,4,3,3,2,1,8,12
26052,2026-05-10,2,3,5,2,5,6,12
26051,2026-05-08,6,8,7,3,3,8,12
26050,2026-05-05,2,2,6,2,5,3,0
26049,2026-05-03,2,7,8,9,5,0,7
26048,2026-05-01,4,5,2,9,6,1,5
26047,2026-04-28,3,9,8,2,5,0,8
26046,2026-04-26,8,8,5,6,2,3,13
26045,2026-04-24,1,3,2,8,9,6,14
26044,2026-04-21,7,6,2,0,9,1,1
26043,2026-04-19,6,5,9,5,8,9,11
26042,2026-04-17,6,5,1,8,1,3,6
26041,2026-04-14,7,9,1,1,4,9,13
26040,2026-04-12,0,7,7,1,8,7,4
26039,2026-04-10,0,6,6,2,5,2,12
26038,2026-04-07,0,7,1,3,0,2,13
26037,2026-04-05,9,9,6,9,4,0,1
26036,2026-04-03,2,8,8,9,7,9,8
26035,2026-03-31,7,4,2,7,2,7,2
26034,2026-03-29,3,9,9,1,5,3,5
26033,2026-03-27,1,8,9,1,9,3,14
26032,2026-03-24,3,1,6,4,4,5,14
26031,2026-03-22,6,8,9,5,2,2,13
26030,2026-03-20,1,9,8,1,5,9,13
26029,2026-03-17,1,4,0,4,3,2,11
26028,2026-03-15,7,9,8,0,1,1,6
26027,2026-03-13,8,7,7,3,6,0,9
26026,2026-03-10,2,6,9,8,3,8,14
26025,2026-03-08,8,4,0,5,5,3,13
26024,2026-03-06,5,4,4,9,0,3,12
26023,2026-03-03,2,8,3,8,4,8,13
26022,2026-03-01,7,9,9,1,0,2,3
26021,2026-02-27,6,4,3,5,6,3,2
26020,2026-02-24,5,5,0,9,5,6,4
26019,2026-02-13,6,0,8,8,2,7,1
26018,2026-02-10,2,9,3,6,5,7,2
26017,2026-02-08,8,0,2,6,8,0,0
26016,2026-02-06,6,4,3,7,3,4,13
26015,2026-02-03,0,1,9,9,1,1,5
26014,2026-02-01,9,8,8,2,5,1,1
26013,2026-01-30,9,5,5,2,3,6,6
26012,2026-01-27,6,4,0,6,6,8,6
26011,2026-01-25,6,3,5,2,7,3,13
26010,2026-01-23,8,3,9,2,6,3,2
26009,2026-01-20,8,0,1,9,5,6,2
26008,2026-01-18,4,5,4,1,9,9,14
26007,2026-01-16,5,0,3,9,5,9,0
26006,2026-01-13,8,1,8,5,6,4,0
26005,2026-01-11,4,4,8,6,6,4,14
26004,2026-01-09,4,4,1,5,3,6,1
26003,2026-01-06,5,5,1,9,3,1,0
26002,2026-01-04,3,4,5,5,9,8,9
26001,2026-01-02,1,1,1,2,4,1,1
25151,2025-12-30,8,8,7,5,7,6,9
25150,2025-12-28,8,5,3,1,8,7,1
25149,2025-12-26,2,8,8,6,5,2,7
25148,2025-12-23,2,7,0,9,4,8,10
25147,2025-12-21,1,5,6,0,1,3,5
25146,2025-12-19,6,4,0,8,5,6,13
25145,2025-12-16,8,9,0,9,9,8,6
25144,2025-12-14,0,5,1,2,0,4,7
25143,2025-12-12,0,1,6,3,7,6,7
25142,2025-12-09,4,2,4,9,9,1,6
25141,2025-12-07,4,1,9,5,3,0,4
25140,2025-12-05,3,0,6,9,2,7,11
25139,2025-12-02,7,8,3,4,9,8,3
25138,2025-11-30,9,2,3,5,1,0,0
25137,2025-11-28,6,4,9,7,5,8,2
25136,2025-11-25,8,9,5,9,9,4,0
25135,2025-11-23,8,6,7,2,6,1,9
25134,2025-11-21,3,4,9,8,8,9,13
25133,2025-11-18,2,4,7,9,1,3,4
25132,2025-11-16,3,2,3,6,9,9,9
25131,2025-11-14,3,5,0,2,1,1,0
25130,2025-11-11,7,0,4,0,3,4,5
25129,2025-11-09,9,7,0,6,3,7,3
25128,2025-11-07,3,2,1,1,1,2,12
25127,2025-11-04,4,1,9,0,7,5,6
25126,2025-11-02,2,9,6,6,2,4,12
25125,2025-10-31,4,5,6,3,8,7,9
25124,2025-10-28,4,0,0,8,8,0,10
25123,2025-10-26,8,0,6,5,7,9,7
25122,2025-10-24,8,3,5,2,6,5,10
25121,2025-10-21,8,4,8,1,4,5,3
25120,2025-10-19,8,5,1,1,9,6,8
25119,2025-10-17,3,9,8,9,5,9,10
25118,2025-10-14,7,0,4,1,7,7,11
25117,2025-10-12,4,5,4,2,7,1,4
25116,2025-10-10,6,6,4,2,3,1,9
25115,2025-10-07,1,7,0,6,2,9,12
25114,2025-10-05,8,3,3,2,8,3,3
25113,2025-09-30,0,9,1,4,1,1,8
25112,2025-09-28,5,5,7,1,4,6,10
25111,2025-09-26,9,0,4,8,4,2,11
25110,2025-09-23,6,5,2,8,1,9,12
25109,2025-09-21,3,6,7,1,8,3,13
25108,2025-09-19,0,2,1,1,9,1,9
25107,2025-09-16,8,4,8,8,2,0,3
25106,2025-09-14,9,2,6,9,2,1,3
25105,2025-09-12,7,8,7,3,4,7,0
25104,2025-09-09,9,1,2,3,7,9,0
25103,2025-09-07,7,6,2,2,4,0,3
25102,2025-09-05,7,7,7,6,6,8,8
25101,2025-09-02,5,0,5,0,3,6,12
25100,2025-08-31,0,7,4,3,4,6,8
25099,2025-08-29,7,2,3,9,4,5,12
25098,2025-08-26,2,4,8,4,0,7,8
25097,2025-08-24,3,9,7,3,6,5,6
25096,2025-08-22,2,6,3,0,4,7,9
25095,2025-08-19,6,1,5,2,9,3,13
25094,2025-08-17,6,1,0,6,4,1,12
25093,2025-08-15,0,7,4,8,2,8,10
25092,2025-08-12,9,7,0,2,0,1,4
25091,2025-08-10,2,0,4,9,3,8,8
25090,2025-08-08,9,5,1,8,0,8,6
25089,2025-08-05,7,1,9,6,0,0,14
25088,2025-08-03,5,4,6,6,0,4,14
25087,2025-08-01,1,6,4,7,6,4,14
25086,2025-07-29,9,7,6,3,1,6,13
25085,2025-07-27,9,4,5,4,3,8,2
25084,2025-07-25,1,4,5,6,0,6,4
25083,2025-07-22,5,4,5,0,7,5,7
25082,2025-07-20,1,8,5,9,6,3,10
25081,2025-07-18,4,1,9,0,2,3,2
25080,2025-07-15,3,1,1,9,7,1,2
25079,2025-07-13,5,7,2,7,6,4,11
25078,2025-07-11,3,2,8,7,0,5,3
25077,2025-07-08,0,2,3,4,5,2,6
25076,2025-07-06,7,1,7,2,8,3,1
25075,2025-07-04,2,9,1,7,1,8,5
25074,2025-07-01,4,8,9,7,7,3,6
25073,2025-06-29,1,4,2,6,3,5,12
25072,2025-06-27,0,8,5,7,0,3,1
25071,2025-06-24,5,0,3,7,2,5,0
25070,2025-06-22,2,6,5,9,2,5,11
25069,2025-06-20,5,3,5,4,2,5,3
25068,2025-06-17,3,9,0,7,7,2,3
25067,2025-06-15,2,2,1,9,1,4,2
25066,2025-06-13,6,8,5,7,4,4,1
25065,2025-06-10,2,0,0,8,5,8,10
25064,2025-06-08,0,2,9,3,8,3,6
25063,2025-06-06,5,4,9,2,7,5,12
25062,2025-06-03,1,2,6,6,8,2,5
25061,2025-06-01,2,7,0,6,3,6,5
25060,2025-05-30,0,5,1,7,7,0,5
25059,2025-05-27,6,4,6,7,9,5,14
25058,2025-05-25,1,3,6,6,8,6,13
25057,2025-05-23,0,8,7,0,0,6,3
25056,2025-05-20,6,0,7,4,8,2,2
25055,2025-05-18,1,4,6,1,1,7,1
25054,2025-05-16,9,4,1,3,1,5,4
25053,2025-05-13,5,0,0,6,3,4,10
25052,2025-05-11,1,5,9,2,7,0,8
25051,2025-05-09,0,3,3,0,5,4,11
25050,2025-05-06,7,8,3,1,1,1,4
25049,2025-05-04,2,3,5,4,8,7,5
25048,2025-05-02,2,1,7,8,7,8,2
25047,2025-04-29,3,5,2,1,0,3,12
25046,2025-04-27,8,5,7,2,6,2,2
25045,2025-04-25,2,3,4,6,5,1,1
25044,2025-04-22,0,6,1,9,0,8,11
25043,2025-04-20,0,3,0,8,5,7,11
25042,2025-04-18,6,3,9,7,9,7,4
25041,2025-04-15,7,5,1,8,7,1,4
25040,2025-04-13,7,8,3,3,9,8,9
25039,2025-04-11,3,4,5,7,3,3,4
25038,2025-04-08,9,4,9,1,3,5,2
25037,2025-04-06,0,2,2,2,6,6,7
25036,2025-04-04,2,8,4,8,6,5,9
25035,2025-04-01,6,6,6,8,0,3,8
25034,2025-03-30,0,9,2,8,4,0,6
25033,2025-03-28,1,7,7,7,6,6,8
25032,2025-03-25,9,0,5,0,2,5,9
25031,2025-03-23,4,7,8,1,3,5,7
25030,2025-03-21,6,4,7,8,8,8,14
25029,2025-03-18,1,4,9,0,5,7,1
25028,2025-03-16,3,4,1,6,9,7,3
25027,2025-03-14,8,2,3,5,6,0,12
25026,2025-03-11,9,5,4,3,4,8,12
25025,2025-03-09,8,8,6,4,0,1,14
25024,2025-03-07,9,0,7,0,7,0,0
25023,2025-03-04,1,2,4,5,5,7,8
25022,2025-03-02,1,2,0,4,0,6,5
25021,2025-02-28,3,2,2,1,2,8,13
25020,2025-02-25,7,9,8,2,0,5,9
25019,2025-02-23,0,5,0,5,2,3,10
25018,2025-02-21,6,9,6,6,4,2,10
25017,2025-02-18,1,3,0,6,6,8,10
25016,2025-02-16,9,1,5,4,7,6,11
25015,2025-02-14,0,3,6,5,4,9,13
25014,2025-02-11,6,7,5,1,3,5,3
25013,2025-02-09,3,7,4,7,9,0,7
25012,2025-02-07,4,5,6,7,9,5,11
25011,2025-01-26,1,8,7,2,7,9,14
25010,2025-01-24,3,4,8,4,1,0,3
25009,2025-01-21,8,3,7,8,7,4,6
25008,2025-01-19,1,1,3,8,2,4,10
25007,2025-01-17,0,2,7,5,0,2,1
25006,2025-01-14,6,6,4,1,2,5,11
25005,2025-01-12,1,6,3,3,2,4,3
25004,2025-01-10,4,7,2,0,0,2,5
25003,2025-01-07,8,9,3,5,4,8,11
25002,2025-01-05,6,9,6,4,2,8,14
25001,2025-01-03,2,3,3,0,9,2,0
24151,2024-12-31,7,6,4,0,8,5,0
24150,2024-12-29,3,4,6,7,6,6,10
24149,2024-12-27,0,7,0,8,4,8,2
24148,2024-12-24,4,6,5,0,9,8,11
24147,2024-12-22,4,8,2,9,0,4,6
24146,2024-12-20,0,2,6,2,0,9,13
24145,2024-12-17,9,1,3,8,7,0,4
24144,2024-12-15,3,9,9,3,5,9,10
24143,2024-12-13,2,8,7,1,2,9,4
24142,2024-12-10,5,8,9,9,3,2,9
24141,2024-12-08,1,5,8,5,1,3,8
24140,2024-12-06,2,9,6,1,2,6,3
24139,2024-12-03,9,7,0,1,5,4,5
24138,2024-12-01,4,6,5,1,7,2,14
24137,2024-11-29,3,9,1,9,2,8,0
24136,2024-11-26,7,7,7,8,1,6,1
24135,2024-11-24,0,2,5,3,9,7,12
24134,2024-11-22,1,3,9,8,8,8,10
24133,2024-11-19,2,7,7,2,9,5,5
24132,2024-11-17,5,4,2,8,0,3,5
24131,2024-11-15,5,2,2,9,9,3,12
24130,2024-11-12,7,8,0,0,8,3,6
24129,2024-11-10,4,0,6,6,4,7,5
24128,2024-11-08,9,3,0,0,9,8,1
24127,2024-11-05,7,7,6,5,8,2,2
24126,2024-11-03,9,8,0,2,5,1,0
24125,2024-11-01,9,9,2,9,9,0,11
24124,2024-10-29,3,7,7,5,3,0,9
24123,2024-10-27,0,3,1,6,2,1,10
24122,2024-10-25,3,7,6,8,2,1,11
24121,2024-10-22,2,0,7,8,8,1,4
24120,2024-10-20,0,8,3,0,4,8,4
24119,2024-10-18,0,7,3,1,9,5,6
24118,2024-10-15,9,9,6,9,7,0,6
24117,2024-10-13,1,4,8,4,7,5,6
24116,2024-10-11,0,4,6,7,3,4,9
24115,2024-10-08,8,4,4,8,8,9,5
24114,2024-10-06,7,8,1,6,7,4,1
24113,2024-09-29,2,4,6,3,4,4,10
24112,2024-09-27,5,3,1,6,7,3,4
24111,2024-09-24,3,4,2,4,1,1,0
24110,2024-09-22,5,4,1,5,4,1,5
24109,2024-09-20,9,6,9,3,2,1,14
24108,2024-09-17,3,7,5,7,6,2,14
24107,2024-09-15,3,8,5,7,9,0,2
24106,2024-09-13,3,4,9,3,2,8,5
24105,2024-09-10,1,4,4,0,2,0,2
24104,2024-09-08,5,0,8,2,6,8,0
24103,2024-09-06,0,6,2,5,8,5,6
24102,2024-09-03,4,9,7,2,2,9,8
24101,2024-09-01,6,2,5,0,3,3,6
24100,2024-08-30,8,8,7,2,8,5,12
24099,2024-08-27,1,1,7,7,7,1,3
24098,2024-08-25,2,4,3,9,5,7,9
24097,2024-08-23,9,8,0,1,5,0,2
24096,2024-08-20,2,2,7,5,9,0,6
24095,2024-08-18,7,6,9,0,3,6,2
24094,2024-08-16,6,3,3,3,5,6,6
24093,2024-08-13,2,3,0,0,7,9,13
24092,2024-08-11,3,0,4,7,2,2,8
24091,2024-08-09,7,6,1,1,9,4,4
24090,2024-08-06,4,6,1,6,8,0,3
24089,2024-08-04,2,9,2,0,1,6,8
24088,2024-08-02,5,6,3,9,9,1,1
24087,2024-07-30,0,1,1,7,6,3,0
24086,2024-07-28,7,5,8,0,3,4,11
24085,2024-07-26,4,3,7,6,3,7,4
24084,2024-07-23,1,5,6,6,5,3,9
24083,2024-07-21,4,6,6,2,0,8,10
24082,2024-07-19,5,7,7,6,7,7,0
24081,2024-07-16,2,7,4,8,2,5,1
24080,2024-07-14,4,5,9,7,9,0,0
24079,2024-07-12,8,3,2,0,4,9,11
24078,2024-07-09,9,3,4,9,1,3,11
24077,2024-07-07,6,2,3,2,8,8,0
24076,2024-07-05,2,4,1,2,4,8,4
24075,2024-07-02,6,5,9,8,8,1,11
24074,2024-06-30,5,2,8,1,7,9,5
24073,2024-06-28,7,4,1,7,8,3,10
24072,2024-06-25,5,4,2,7,7,6,12
24071,2024-06-23,3,9,9,2,2,7,5
24070,2024-06-21,5,5,8,8,3,8,14
24069,2024-06-18,8,0,7,2,1,8,2
24068,2024-06-16,6,5,8,3,2,3,7
24067,2024-06-14,3,4,6,4,3,0,8
24066,2024-06-11,7,1,5,6,3,4,0
24065,2024-06-09,9,5,5,1,4,4,6
24064,2024-06-07,8,4,4,4,2,1,10
24063,2024-06-04,6,3,1,5,3,6,3
24062,2024-06-02,4,7,3,1,8,9,6
24061,2024-05-31,1,5,9,0,3,7,1
24060,2024-05-28,2,4,7,0,7,1,1
24059,2024-05-26,7,0,8,5,2,6,4
24058,2024-05-24,3,9,3,1,7,8,12
24057,2024-05-21,1,9,6,8,6,2,10
24056,2024-05-19,8,6,3,3,8,9,8
24055,2024-05-17,6,5,2,7,6,3,14
24054,2024-05-14,8,6,2,3,1,4,7
24053,2024-05-12,1,9,6,3,6,9,10
24052,2024-05-10,1,3,5,0,9,4,14
24051,2024-05-07,5,6,5,5,7,7,1
24050,2024-05-05,4,9,6,9,2,6,3
24049,2024-05-03,3,5,3,8,8,1,1
24048,2024-04-30,5,5,6,7,0,2,5
24047,2024-04-28,4,2,7,6,4,5,2
24046,2024-04-26,4,3,8,5,2,4,6
24045,2024-04-23,5,2,9,7,6,9,7
24044,2024-04-21,1,9,9,6,7,0,2
24043,2024-04-19,6,7,2,3,3,8,11
24042,2024-04-16,8,0,1,5,3,0,2
24041,2024-04-14,9,8,9,8,8,8,1
24040,2024-04-12,6,2,2,0,7,2,7
24039,2024-04-09,1,5,5,3,1,2,9
24038,2024-04-07,7,8,9,9,2,2,4
24037,2024-04-05,1,1,0,8,1,9,0
24036,2024-04-02,1,7,5,5,2,9,8
24035,2024-03-31,5,0,7,9,7,9,7
24034,2024-03-29,9,1,7,3,3,5,3
24033,2024-03-26,8,3,4,0,2,1,12
24032,2024-03-24,7,5,6,9,5,7,4
24031,2024-03-22,5,6,8,6,3,6,8
24030,2024-03-19,7,5,8,2,7,9,3
24029,2024-03-17,0,4,1,5,7,2,8
24028,2024-03-15,7,9,2,5,6,4,3
24027,2024-03-12,3,1,4,3,4,8,1
24026,2024-03-10,2,6,1,0,4,7,10
24025,2024-03-08,4,1,8,1,3,0,13
24024,2024-03-05,2,0,4,4,6,2,1
24023,2024-03-03,4,0,2,0,4,4,13
24022,2024-03-01,1,6,7,6,4,6,6
24021,2024-02-27,1,9,6,4,7,5,6
24020,2024-02-25,1,6,5,3,2,3,14
24019,2024-02-23,5,8,2,7,4,5,4
24018,2024-02-20,9,4,7,8,2,1,0
24017,2024-02-18,1,3,9,5,7,1,3
24016,2024-02-06,5,9,3,5,8,4,10
24015,2024-02-04,2,1,1,7,4,0,11
24014,2024-02-02,3,7,1,9,0,5,5
24013,2024-01-30,1,0,2,1,6,6,4
24012,2024-01-28,1,5,7,3,4,5,10
24011,2024-01-26,2,1,9,2,5,9,10
24010,2024-01-23,6,7,9,3,1,1,4
24009,2024-01-21,4,3,5,1,8,7,9
24008,2024-01-19,5,9,9,0,9,2,1
24007,2024-01-16,2,0,9,9,7,2,3
24006,2024-01-14,3,2,3,4,1,6,4
24005,2024-01-12,9,1,7,5,9,5,7
24004,2024-01-09,3,4,1,1,8,2,6
24003,2024-01-07,0,5,1,4,6,2,11
24002,2024-01-05,8,9,2,9,2,1,11
24001,2024-01-02,9,8,8,4,3,1,9
23151,2023-12-31,3,2,8,5,7,0,11
23150,2023-12-29,1,6,1,2,9,3,5
23149,2023-12-26,8,3,5,9,2,8,6
23148,2023-12-24,0,4,8,1,0,6,3
23147,2023-12-22,7,3,1,1,8,1,9
23146,2023-12-19,1,2,9,8,0,1,6
23145,2023-12-17,5,1,6,2,4,4,8
23144,2023-12-15,1,2,1,9,7,0,0
23143,2023-12-12,1,2,6,0,9,5,13
23142,2023-12-10,3,3,8,6,1,5,3
23141,2023-12-08,5,1,4,4,6,2,6
23140,2023-12-05,0,0,0,3,6,9,2
23139,2023-12-03,6,1,4,6,1,4,9
23138,2023-12-01,4,6,7,2,7,5,7
23137,2023-11-28,7,8,6,4,7,6,13
23136,2023-11-26,7,9,7,1,9,1,5
23135,2023-11-24,4,6,9,5,5,5,9
23134,2023-11-21,9,9,0,6,5,8,11
23133,2023-11-19,3,4,5,6,9,3,10
23132,2023-11-17,7,2,0,7,9,3,1
23131,2023-11-14,4,7,4,2,3,5,2
23130,2023-11-12,7,5,6,8,0,9,12
23129,2023-11-10,4,4,0,4,5,4,11
23128,2023-11-07,5,2,1,2,7,4,11
23127,2023-11-05,7,3,1,1,7,9,5
23126,2023-11-03,2,8,1,9,6,3,10
23125,2023-10-31,0,8,5,6,7,1,9
23124,2023-10-29,8,3,0,9,5,1,8
23123,2023-10-27,2,3,5,2,3,4,11
23122,2023-10-24,3,6,1,5,9,8,12
23121,2023-10-22,8,5,6,8,3,4,10
23120,2023-10-20,6,9,3,6,7,8,14
23119,2023-10-17,9,1,9,2,5,5,10
23118,2023-10-15,4,0,4,5,4,4,11
23117,2023-10-13,6,9,3,5,8,2,4
23116,2023-10-10,1,2,5,5,3,5,6
23115,2023-10-08,0,8,1,0,7,7,10
23114,2023-10-06,6,1,5,3,3,1,14
23113,2023-09-29,2,5,1,9,8,0,3
23112,2023-09-26,1,8,1,6,8,8,9
23111,2023-09-24,5,3,8,8,4,8,14
23110,2023-09-22,3,5,1,4,3,0,6
23109,2023-09-19,3,8,3,1,9,7,0
23108,2023-09-17,0,1,9,8,9,9,13
23107,2023-09-15,0,2,0,5,6,4,5
23106,2023-09-12,0,5,8,1,2,5,7
23105,2023-09-10,3,2,9,7,6,1,0
23104,2023-09-08,9,4,4,8,2,8,10
23103,2023-09-05,3,4,0,8,9,5,11
23102,2023-09-03,5,9,0,4,3,1,0
23101,2023-09-01,5,6,6,2,9,8,6
23100,2023-08-29,9,4,3,9,3,1,6
23099,2023-08-27,9,5,4,5,3,6,14
23098,2023-08-25,1,6,0,9,4,9,1
23097,2023-08-22,7,6,4,5,6,3,14
23096,2023-08-20,4,5,6,2,8,4,11
23095,2023-08-18,9,3,3,7,7,9,11
23094,2023-08-15,3,6,4,2,2,8,2
23093,2023-08-13,1,8,0,0,3,7,2
23092,2023-08-11,2,1,1,1,2,6,5
23091,2023-08-08,9,9,3,9,5,3,4
23090,2023-08-06,3,3,9,1,8,7,12
23089,2023-08-04,3,2,2,5,1,4,8
23088,2023-08-01,5,6,2,5,0,7,10
23087,2023-07-30,4,1,1,1,3,6,14
23086,2023-07-28,7,0,9,8,2,5,5
23085,2023-07-25,9,7,4,6,7,3,8
23084,2023-07-23,0,1,5,8,7,0,10
23083,2023-07-21,4,9,9,1,2,3,4
23082,2023-07-18,6,4,3,8,3,8,11
23081,2023-07-16,3,1,0,7,1,9,14
23080,2023-07-14,8,4,1,7,8,6,10
23079,2023-07-11,8,5,2,7,9,4,5
23078,2023-07-09,3,4,4,7,1,2,5
23077,2023-07-07,4,7,7,1,0,8,14
23076,2023-07-04,9,9,3,2,5,8,4
23075,2023-07-02,5,4,2,3,1,9,1
23074,2023-06-30,0,8,1,6,3,2,12
23073,2023-06-27,3,0,7,7,7,0,9
23072,2023-06-25,8,7,0,2,5,8,4
23071,2023-06-23,4,9,9,3,1,2,4
23070,2023-06-20,8,7,9,2,6,2,9
23069,2023-06-18,4,2,8,8,2,7,5
23068,2023-06-16,9,1,0,1,0,1,11
23067,2023-06-13,2,9,0,3,0,6,1
23066,2023-06-11,2,2,4,3,8,5,3
23065,2023-06-09,3,0,9,6,9,2,6
23064,2023-06-06,2,6,1,5,7,7,0
23063,2023-06-04,6,2,1,9,3,2,5
23062,2023-06-02,6,2,6,9,2,9,5
23061,2023-05-30,4,7,1,1,2,4,9
23060,2023-05-28,8,7,1,4,2,9,13
23059,2023-05-26,7,3,6,0,7,2,2
23058,2023-05-23,1,9,2,8,7,5,12
23057,2023-05-21,0,4,2,1,8,4,5
23056,2023-05-19,6,4,8,8,8,7,13
23055,2023-05-16,7,8,6,5,0,6,7
23054,2023-05-14,9,9,9,9,2,7,8
23053,2023-05-12,5,5,7,7,4,3,2
23052,2023-05-09,1,7,3,6,7,1,7
23051,2023-05-07,0,3,0,9,5,5,2
23050,2023-05-05,4,0,9,8,7,3,7
23049,2023-05-02,8,7,9,5,6,1,9
23048,2023-04-30,1,1,7,8,0,7,12
23047,2023-04-28,9,0,0,5,1,0,5
23046,2023-04-25,3,8,2,8,4,1,12
23045,2023-04-23,1,4,5,3,3,0,5
23044,2023-04-21,8,1,3,5,3,8,5
23043,2023-04-18,1,4,5,3,8,3,9
23042,2023-04-16,0,2,0,5,6,0,5
23041,2023-04-14,8,6,0,0,4,5,1
23040,2023-04-11,8,2,1,4,6,5,3
23039,2023-04-09,0,7,3,0,7,4,5
23038,2023-04-07,1,8,5,8,3,5,1
23037,2023-04-04,1,9,5,0,9,0,6
23036,2023-04-02,9,8,0,9,6,5,12
23035,2023-03-31,6,1,7,1,2,3,1
23034,2023-03-28,7,2,4,5,0,6,13
23033,2023-03-26,6,8,8,2,1,6,14
23032,2023-03-24,0,8,0,4,1,4,10
23031,2023-03-21,4,5,0,7,2,6,10
23030,2023-03-19,1,1,4,4,8,5,10
23029,2023-03-17,3,6,0,8,0,7,4
23028,2023-03-14,5,1,2,6,0,1,13
23027,2023-03-12,8,6,9,8,6,4,12
23026,2023-03-10,0,7,3,3,2,2,4
23025,2023-03-07,7,8,5,4,3,3,9
23024,2023-03-05,6,6,9,2,0,8,1
23023,2023-03-03,5,6,0,0,8,5,12
23022,2023-02-28,7,9,9,7,7,6,11
23021,2023-02-26,6,1,6,8,2,6,7
23020,2023-02-24,2,2,5,4,9,5,3
23019,2023-02-21,1,7,4,7,6,7,2
23018,2023-02-19,2,8,0,4,2,3,4
23017,2023-02-17,6,6,5,7,2,9,1
23016,2023-02-14,5,2,7,8,1,8,10
23015,2023-02-12,7,5,7,3,9,2,9
23014,2023-02-10,1,5,2,4,1,6,11
23013,2023-02-07,5,8,2,4,4,1,13
23012,2023-02-05,4,7,6,3,0,0,0
23011,2023-02-03,7,6,8,9,5,9,1
23010,2023-01-31,3,3,9,4,2,9,5
23009,2023-01-29,0,4,2,2,4,2,14
23008,2023-01-17,2,8,3,2,7,8,11
23007,2023-01-15,2,5,2,8,0,7,7
23006,2023-01-13,4,1,0,4,9,4,9
23005,2023-01-10,0,0,4,2,6,2,11
23004,2023-01-08,1,2,5,7,7,9,7
23003,2023-01-06,9,0,1,0,2,9,10
23002,2023-01-03,9,8,4,3,0,4,10
23001,2023-01-01,3,5,0,9,7,8,12
22150,2022-12-30,9,6,9,0,9,0,13
22149,2022-12-27,6,9,8,2,2,4,3
22148,2022-12-25,7,2,9,3,3,1,9
22147,2022-12-23,4,7,1,3,7,8,7
22146,2022-12-20,1,2,0,1,4,1,5
22145,2022-12-18,7,1,6,3,8,8,6
22144,2022-12-16,2,8,7,9,7,7,5
22143,2022-12-13,5,0,4,6,8,6,2
22142,2022-12-11,3,0,3,6,2,7,12
22141,2022-12-09,0,6,0,3,6,7,13
22140,2022-12-06,8,2,4,8,0,4,10
22139,2022-12-04,1,3,3,6,4,9,3
22138,2022-12-02,8,4,5,1,1,4,6
22137,2022-11-29,2,3,9,4,9,0,9
22136,2022-11-27,5,2,2,3,5,4,12
22135,2022-11-25,8,8,1,3,0,7,11
22134,2022-11-22,4,7,9,6,7,2,6
22133,2022-11-20,1,4,7,8,6,1,4
22132,2022-11-18,2,4,7,9,1,2,8
22131,2022-11-15,0,8,2,6,5,1,2
22130,2022-11-13,7,8,0,3,4,8,4
22129,2022-11-11,8,7,3,3,4,0,7
22128,2022-11-08,2,3,6,9,7,1,12
22127,2022-11-06,8,9,4,7,0,0,13
22126,2022-11-04,3,4,4,5,3,3,13
22125,2022-11-01,5,1,9,4,0,5,14
22124,2022-10-30,3,8,4,5,4,9,0
22123,2022-10-28,1,4,6,4,9,8,12
22122,2022-10-25,2,6,4,7,4,9,5
22121,2022-10-23,6,2,8,3,4,9,11
22120,2022-10-21,6,0,8,3,9,4,7
22119,2022-10-18,0,7,8,8,1,6,5
22118,2022-10-16,8,1,0,7,7,1,12
22117,2022-10-14,3,1,2,5,6,9,5
22116,2022-10-11,2,5,9,7,9,1,4
22115,2022-10-09,8,2,3,4,5,0,13
22114,2022-10-07,8,8,9,5,2,6,13
22113,2022-09-30,7,9,1,6,7,3,7
22112,2022-09-27,8,9,2,0,1,1,11
22111,2022-09-25,0,5,0,5,2,0,5
22110,2022-09-23,4,7,7,1,0,8,12
22109,2022-09-20,9,4,8,0,6,8,14
22108,2022-09-18,2,8,5,7,7,2,10
22107,2022-09-16,9,6,3,1,4,7,5
22106,2022-09-13,5,8,0,0,7,9,3
22105,2022-09-11,4,2,3,4,9,4,6
22104,2022-09-09,3,9,5,0,1,6,2
22103,2022-09-06,2,0,2,0,2,3,12
22102,2022-09-04,7,2,5,7,0,5,9
22101,2022-09-02,3,7,7,6,9,0,11
22100,2022-08-30,0,7,4,2,5,6,6
22099,2022-08-28,9,7,9,4,2,0,10
22098,2022-08-26,1,6,8,5,4,4,12
22097,2022-08-23,5,1,0,5,6,2,11
22096,2022-08-21,1,7,8,7,0,6,10
22095,2022-08-19,3,5,7,0,1,6,14
22094,2022-08-16,4,1,6,3,3,1,14
22093,2022-08-14,4,1,7,7,7,4,0
22092,2022-08-12,8,7,8,3,7,5,4
22091,2022-08-09,1,7,9,2,0,7,9
22090,2022-08-07,4,2,4,2,6,2,4
22089,2022-08-05,9,8,7,7,3,1,13
22088,2022-08-02,6,9,6,2,6,4,6
22087,2022-07-31,7,8,0,7,3,9,13
22086,2022-07-29,4,6,4,9,6,3,2
22085,2022-07-26,5,6,7,7,8,7,0
22084,2022-07-24,9,4,2,8,9,2,11
22083,2022-07-22,3,9,2,5,4,1,12
22082,2022-07-19,9,5,2,9,7,0,8
22081,2022-07-17,6,5,2,5,6,2,0
22080,2022-07-15,0,3,9,9,8,0,13
22079,2022-07-12,9,3,0,5,4,3,6
22078,2022-07-10,6,9,4,2,8,8,2
22077,2022-07-08,6,5,1,0,3,0,11
22076,2022-07-05,1,7,8,5,3,8,5
22075,2022-07-03,3,5,3,9,0,8,8
22074,2022-07-01,2,9,0,3,1,1,14
22073,2022-06-28,8,3,8,3,6,1,13
22072,2022-06-26,4,1,3,8,9,3,9
22071,2022-06-24,7,1,7,2,6,2,12
22070,2022-06-21,1,6,8,6,9,9,5
22069,2022-06-19,3,1,3,5,7,0,13
22068,2022-06-17,8,3,9,1,6,8,4
22067,2022-06-14,3,1,0,5,6,8,13
22066,2022-06-12,0,1,2,8,7,2,13
22065,2022-06-10,8,4,1,4,4,7,8
22064,2022-06-07,6,3,8,3,3,0,7
22063,2022-06-05,9,7,1,6,9,2,7
22062,2022-06-03,4,2,1,0,3,0,3
22061,2022-05-31,6,5,6,5,4,1,13
22060,2022-05-29,1,3,1,4,4,9,9
22059,2022-05-27,6,1,9,1,4,3,3
22058,2022-05-24,4,4,1,7,4,0,14
22057,2022-05-22,8,5,6,6,8,9,0
22056,2022-05-20,6,5,6,3,5,0,14
22055,2022-05-17,3,1,9,4,6,2,13
22054,2022-05-15,3,7,3,7,1,9,1
22053,2022-05-13,3,5,9,2,0,4,13
22052,2022-05-10,7,3,9,1,5,6,11
22051,2022-05-08,4,6,8,2,8,8,6
22050,2022-05-06,5,5,3,4,2,4,0
22049,2022-05-03,4,9,0,1,7,0,5
22048,2022-05-01,6,5,3,3,9,4,14
22047,2022-04-29,2,9,5,1,6,3,9
22046,2022-04-26,4,5,0,1,1,3,8
22045,2022-04-24,5,6,0,4,0,9,8
22044,2022-04-22,5,0,5,6,9,9,6
22043,2022-04-19,6,5,6,5,6,4,2
22042,2022-04-17,9,6,4,2,0,1,5
22041,2022-04-15,4,2,6,5,1,9,3
22040,2022-04-12,2,9,5,8,8,9,0
22039,2022-04-10,0,9,3,3,3,6,9
22038,2022-04-08,1,9,5,5,7,7,12
22037,2022-04-05,9,3,5,0,1,2,3
22036,2022-04-03,3,2,1,0,1,6,9
22035,2022-04-01,2,9,1,6,5,8,3
22034,2022-03-29,0,4,3,0,6,5,9
22033,2022-03-27,5,8,3,5,1,1,13
22032,2022-03-25,9,3,9,8,2,1,13
22031,2022-03-22,7,1,8,0,8,5,7
22030,2022-03-20,2,8,4,9,2,5,8
22029,2022-03-18,6,1,6,1,3,5,7
22028,2022-03-15,1,1,2,8,1,4,5
22027,2022-03-13,9,1,1,3,2,3,7
22026,2022-03-11,1,6,4,8,1,7,1
22025,2022-03-08,6,6,0,4,6,6,3
22024,2022-03-06,8,2,6,5,3,5,12
22023,2022-03-04,5,1,2,3,7,2,11
22022,2022-03-01,4,1,0,4,8,1,12
22021,2022-02-27,6,1,3,0,2,9,0
22020,2022-02-25,2,6,5,9,5,0,1
22019,2022-02-22,8,8,0,6,3,0,6
22018,2022-02-20,7,4,9,4,7,3,0
22017,2022-02-18,7,0,5,4,9,8,13
22016,2022-02-15,6,4,6,5,6,6,9
22015,2022-02-13,1,2,8,9,9,1,8
22014,2022-02-11,3,1,3,8,2,5,6
22013,2022-02-08,5,7,6,6,5,4,8
22012,2022-01-28,2,3,1,2,3,8,9
22011,2022-01-25,8,0,2,9,2,9,10
22010,2022-01-23,1,1,5,8,3,9,0
22009,2022-01-21,9,3,5,6,8,4,8
22008,2022-01-18,6,2,7,6,5,8,5
22007,2022-01-16,6,2,1,9,8,1,7
22006,2022-01-14,8,7,5,8,8,0,9
22005,2022-01-11,3,9,9,8,5,4,12
22004,2022-01-09,9,0,6,2,4,4,11
22003,2022-01-07,4,3,5,3,9,7,0
22002,2022-01-04,6,6,3,6,8,8,13
22001,2022-01-02,3,4,5,6,7,1,14
21151,2021-12-31,6,1,3,6,6,1,13
21150,2021-12-28,8,8,4,6,3,8,5
21149,2021-12-26,7,8,0,8,0,7,9
21148,2021-12-24,6,4,0,0,2,4,4
21147,2021-12-21,1,6,0,2,7,9,3
21146,2021-12-19,0,1,3,8,0,1,11
21145,2021-12-17,6,0,7,3,0,2,4
21144,2021-12-14,4,7,4,8,3,9,2
21143,2021-12-12,8,0,6,4,5,6,10
21142,2021-12-10,3,2,0,4,1,1,13
21141,2021-12-07,4,0,4,7,0,0,13
21140,2021-12-05,9,8,2,7,1,0,7
21139,2021-12-03,2,8,3,0,6,0,14
21138,2021-11-30,2,3,6,6,6,9,9
21137,2021-11-28,5,6,4,6,2,3,11
21136,2021-11-26,5,3,2,7,0,5,2
21135,2021-11-23,4,3,6,2,3,3,9
21134,2021-11-21,2,8,1,3,9,2,8
21133,2021-11-19,0,2,7,2,5,1,11
21132,2021-11-16,1,0,6,1,2,0,6
21131,2021-11-14,1,2,4,9,9,2,6
21130,2021-11-12,1,1,5,3,4,5,6
21129,2021-11-09,1,8,3,1,1,7,7
21128,2021-11-07,7,6,4,1,0,5,9
21127,2021-11-05,2,3,2,9,3,4,0
21126,2021-11-02,7,8,6,1,9,8,2
21125,2021-10-31,0,6,5,3,7,7,11
21124,2021-10-29,7,2,4,1,1,3,12
21123,2021-10-26,2,4,2,0,0,7,0
21122,2021-10-24,6,8,8,1,6,8,3
21121,2021-10-22,5,9,5,7,0,2,8
21120,2021-10-19,3,4,3,7,8,1,10
21119,2021-10-17,5,6,2,6,8,9,14
21118,2021-10-15,8,2,1,3,7,6,0
21117,2021-10-12,6,9,6,1,7,9,9
21116,2021-10-10,7,7,0,3,4,0,7
21115,2021-10-08,5,3,7,8,0,6,11
21114,2021-10-05,8,4,0,1,8,7,14
21113,2021-09-28,0,5,4,0,1,8,5
21112,2021-09-26,1,0,2,4,6,6,6
21111,2021-09-24,1,9,9,9,0,5,5
21110,2021-09-21,7,1,9,6,4,9,7
21109,2021-09-19,4,3,0,7,9,4,13
21108,2021-09-17,4,7,0,0,8,7,8
21107,2021-09-14,3,9,3,1,9,2,0
21106,2021-09-12,4,7,9,0,2,8,5
21105,2021-09-10,3,8,2,8,1,3,2
21104,2021-09-07,0,1,8,2,5,7,9
21103,2021-09-05,5,5,6,9,9,8,3
21102,2021-09-03,1,1,6,4,7,6,4
21101,2021-08-31,8,1,5,6,0,8,10
21100,2021-08-29,0,2,3,5,5,9,14
21099,2021-08-27,4,0,0,3,7,8,7
21098,2021-08-24,1,0,7,7,9,6,5
21097,2021-08-22,0,5,5,4,4,5,0
21096,2021-08-20,6,0,5,5,9,3,13
21095,2021-08-17,4,6,5,7,6,7,6
21094,2021-08-15,4,8,1,5,7,1,1
21093,2021-08-13,7,5,6,7,3,9,8
21092,2021-08-10,9,9,7,9,1,2,14
21091,2021-08-08,8,6,9,4,7,3,5
21090,2021-08-06,2,6,8,7,0,4,6
21089,2021-08-03,3,8,5,9,8,3,10
21088,2021-08-01,9,7,5,6,2,5,5
21087,2021-07-30,3,6,2,9,8,8,3
21086,2021-07-27,1,1,9,4,2,0,0
21085,2021-07-25,0,3,5,9,3,2,7
21084,2021-07-23,4,3,1,6,6,7,0
21083,2021-07-20,9,8,8,4,7,9,13
21082,2021-07-18,4,7,5,1,3,5,5
21081,2021-07-16,5,2,7,3,0,3,4
21080,2021-07-13,7,2,2,8,2,4,7
21079,2021-07-11,1,1,2,5,0,8,11
21078,2021-07-09,0,7,3,3,1,8,7
21077,2021-07-06,1,2,8,6,2,6,11
21076,2021-07-04,8,1,6,8,0,0,3
21075,2021-07-02,1,9,5,4,2,7,10
21074,2021-06-29,2,0,7,2,1,5,12
21073,2021-06-27,3,5,9,3,3,4,5
21072,2021-06-25,2,5,4,8,7,5,11
21071,2021-06-22,7,6,3,7,5,3,11
21070,2021-06-20,2,0,3,3,6,9,11
21069,2021-06-18,2,5,4,9,5,3,2
21068,2021-06-15,8,8,4,8,5,1,14
21067,2021-06-13,7,0,8,8,8,1,3
21066,2021-06-11,5,9,1,0,4,4,2
21065,2021-06-08,8,7,4,0,8,6,10
21064,2021-06-06,2,0,2,5,5,5,3
21063,2021-06-04,9,5,4,8,2,9,3
21062,2021-06-01,8,6,1,1,8,7,2
21061,2021-05-30,4,5,4,6,0,2,8
21060,2021-05-28,6,0,4,5,8,4,7
21059,2021-05-25,8,9,6,6,6,2,14
21058,2021-05-23,4,1,5,7,1,4,12
21057,2021-05-21,8,6,1,1,5,2,7
21056,2021-05-18,3,8,1,0,0,3,11
21055,2021-05-16,5,1,8,4,7,3,14
21054,2021-05-14,4,9,6,6,4,9,4
21053,2021-05-11,1,4,3,6,4,6,11
21052,2021-05-09,7,3,3,5,5,8,14
21051,2021-05-07,4,6,0,0,3,9,14
21050,2021-05-04,3,1,9,0,3,0,2
21049,2021-05-02,3,4,4,4,0,5,14
21048,2021-04-30,2,3,9,6,2,1,5
21047,2021-04-27,4,0,1,9,8,3,13
21046,2021-04-25,9,3,5,9,5,3,14
21045,2021-04-23,2,6,0,0,2,8,14
21044,2021-04-20,0,4,4,9,6,3,5
21043,2021-04-18,4,6,0,2,1,3,5
21042,2021-04-16,1,9,6,3,9,7,2
21041,2021-04-13,7,2,8,8,9,0,14
21040,2021-04-11,4,9,3,9,5,0,12
21039,2021-04-09,0,7,0,2,8,4,14
21038,2021-04-06,1,5,8,1,4,1,11
21037,2021-04-04,7,8,1,0,0,2,13
21036,2021-04-02,2,3,3,9,5,1,2
21035,2021-03-30,1,3,6,5,7,8,4
21034,2021-03-28,3,5,2,3,1,1,3
21033,2021-03-26,0,7,6,2,3,7,9
21032,2021-03-23,4,5,2,5,2,0,0
21031,2021-03-21,8,6,8,6,1,7,1
21030,2021-03-19,0,2,9,2,6,3,10
21029,2021-03-16,5,5,4,4,0,8,6
21028,2021-03-14,9,3,5,4,4,4,6
21027,2021-03-12,9,3,7,6,3,2,0
21026,2021-03-09,3,9,9,2,1,7,4
21025,2021-03-07,4,4,1,8,0,0,10
21024,2021-03-05,5,6,5,1,7,2,3
21023,2021-03-02,9,3,9,7,9,2,14
21022,2021-02-28,0,2,5,9,2,6,0
21021,2021-02-26,2,8,5,4,8,5,8
21020,2021-02-23,9,9,4,0,0,3,14
21019,2021-02-21,4,5,9,0,8,2,6
21018,2021-02-19,7,9,2,7,8,0,1
21017,2021-02-07,5,2,2,0,7,9,11
21016,2021-02-05,7,5,2,9,1,8,4
21015,2021-02-02,7,7,6,5,4,8,11
21014,2021-01-31,7,7,1,7,6,2,11
21013,2021-01-29,6,7,2,0,4,4,9
21012,2021-01-26,0,3,7,0,1,1,9
21011,2021-01-24,5,6,5,6,3,0,4
21010,2021-01-22,4,8,1,5,5,7,6
21009,2021-01-19,9,7,9,0,8,8,5
21008,2021-01-17,5,0,7,4,3,7,14
21007,2021-01-15,1,8,2,9,0,1,12
21006,2021-01-12,2,3,9,2,5,4,13
21005,2021-01-10,0,9,5,3,7,0,0
21004,2021-01-08,0,0,7,8,4,9,1
21003,2021-01-05,9,7,2,3,8,1,14
21002,2021-01-03,7,0,7,0,7,8,8
21001,2021-01-01,5,2,1,0,3,5,13
20133,2020-12-29,1,9,5,9,0,2,12
20132,2020-12-27,5,5,2,9,7,9,6
20131,2020-12-25,8,5,0,0,3,8,9
20130,2020-12-22,5,3,9,8,0,6,4
20129,2020-12-20,7,8,3,9,1,8,5
20128,2020-12-18,4,2,9,7,1,8,1
20127,2020-12-15,3,5,8,5,8,2,13
20126,2020-12-13,9,7,1,3,8,3,13
20125,2020-12-11,1,9,1,1,7,4,6
20124,2020-12-08,4,1,0,9,5,2,11
20123,2020-12-06,7,7,1,6,4,1,4
20122,2020-12-04,6,0,1,9,8,7,9
20121,2020-12-01,1,2,7,9,8,4,9
20120,2020-11-29,5,0,4,0,4,8,14
20119,2020-11-27,2,2,2,7,2,3,7
20118,2020-11-24,7,5,1,1,6,8,14
20117,2020-11-22,7,9,0,5,0,6,5
20116,2020-11-20,9,7,3,0,3,1,10
20115,2020-11-17,1,3,4,8,8,5,4
20114,2020-11-15,8,8,7,3,4,5,0
20113,2020-11-13,4,9,8,0,0,3,4
20112,2020-11-10,0,4,4,4,9,4,6
20111,2020-11-08,3,3,9,0,5,8,14
20110,2020-11-06,6,4,5,7,5,8,2
20109,2020-11-03,9,1,9,4,1,8,3
20108,2020-11-01,3,3,2,0,5,1,6
20107,2020-10-30,2,3,8,9,3,7,0
20106,2020-10-27,3,1,8,9,0,8,1
20105,2020-10-25,4,1,7,1,8,2,4
20104,2020-10-23,5,0,9,9,3,1,0
20103,2020-10-20,0,8,1,6,5,3,6
20102,2020-10-18,9,5,3,3,3,3,9
20101,2020-10-16,3,6,9,5,4,3,12
20100,2020-10-13,5,6,0,0,2,1,7
20099,2020-10-11,2,3,8,1,1,5,0
20098,2020-10-09,1,2,9,2,1,6,0
20097,2020-10-06,9,7,9,3,0,9,4
20096,2020-09-29,4,3,5,6,2,9,7
20095,2020-09-27,2,5,2,2,8,8,2
20094,2020-09-25,6,9,0,8,5,5,4
20093,2020-09-22,6,9,3,0,0,5,0
20092,2020-09-20,8,8,3,2,6,7,9
20091,2020-09-18,2,3,3,3,9,3,6
20090,2020-09-15,2,5,1,7,8,6,1
20089,2020-09-13,9,3,3,6,8,6,3
20088,2020-09-11,5,5,8,9,8,5,7
20087,2020-09-08,1,3,9,2,1,0,8
20086,2020-09-06,7,2,4,2,3,8,9
20085,2020-09-04,1,4,5,9,5,9,9
20084,2020-09-01,4,8,4,1,5,5,2
20083,2020-08-30,8,4,4,3,1,1,2
20082,2020-08-28,0,0,4,4,1,5,1
20081,2020-08-25,1,7,9,0,5,9,5
20080,2020-08-23,5,8,3,6,8,8,6
20079,2020-08-21,0,3,0,9,6,4,1
20078,2020-08-18,5,3,1,1,6,6,2
20077,2020-08-16,0,0,6,1,8,7,9
20076,2020-08-14,4,8,9,0,8,7,9
20075,2020-08-11,9,7,0,5,5,3,5
20074,2020-08-09,9,7,9,3,8,2,7
20073,2020-08-07,5,9,1,0,4,5,6
20072,2020-08-04,0,1,9,3,7,1,4
20071,2020-08-02,5,7,7,1,1,3,4
20070,2020-07-31,4,7,8,6,2,8,7
20069,2020-07-28,3,1,1,4,5,1,5
20068,2020-07-26,9,6,8,0,8,5,4
20067,2020-07-24,5,6,9,2,8,1,5
20066,2020-07-21,8,4,3,8,3,2,8
20065,2020-07-19,9,2,8,5,6,6,4
20064,2020-07-17,4,2,5,4,4,6,8
20063,2020-07-14,5,8,7,2,3,3,0
20062,2020-07-12,9,3,6,4,1,4,9
20061,2020-07-10,9,4,1,5,7,1,1
20060,2020-07-07,4,2,1,0,4,9,7
20059,2020-07-05,5,2,8,6,8,8,9
20058,2020-07-03,5,3,3,8,0,1,8
20057,2020-06-30,8,3,2,3,3,7,1
20056,2020-06-28,8,2,6,5,5,5,3
20055,2020-06-26,9,5,7,2,0,4,6
20054,2020-06-23,5,2,8,2,7,8,6
20053,2020-06-21,8,2,0,5,9,3,3
20052,2020-06-19,5,3,4,8,9,3,6
20051,2020-06-16,1,0,3,9,2,3,3
20050,2020-06-14,4,6,7,4,8,4,4
20049,2020-06-12,3,1,0,3,8,5,0
20048,2020-06-09,1,5,7,3,2,6,6
20047,2020-06-07,7,8,8,5,4,1,9
20046,2020-06-05,5,9,5,0,2,4,0
20045,2020-06-02,5,4,8,0,4,3,2
20044,2020-05-31,7,9,7,2,1,4,7
20043,2020-05-29,7,7,5,7,0,8,6
20042,2020-05-26,3,2,2,0,8,1,3
20041,2020-05-24,4,9,3,5,1,9,7
20040,2020-05-22,8,9,3,8,2,5,4
20039,2020-05-19,3,7,2,7,6,3,7
20038,2020-05-17,3,8,0,6,3,4,5
20037,2020-05-15,9,5,3,5,2,7,0
20036,2020-05-12,5,2,7,7,6,9,6
20035,2020-05-10,3,1,8,4,1,2,3
20034,2020-05-08,2,4,8,9,3,9,0
20033,2020-05-05,7,4,8,3,9,0,5
20032,2020-05-03,2,6,3,3,9,2,3
20031,2020-05-01,7,5,2,5,3,2,5
20030,2020-04-28,2,2,8,3,2,1,1
20029,2020-04-26,2,7,6,0,2,1,4
20028,2020-04-24,1,3,1,7,8,4,8
20027,2020-04-21,8,9,4,4,6,2,7
20026,2020-04-19,9,3,3,9,2,9,4
20025,2020-04-17,5,3,2,1,1,5,7
20024,2020-04-14,8,1,5,1,5,0,7
20023,2020-04-12,7,5,3,3,6,0,5
20022,2020-04-10,3,1,5,0,6,7,0
20021,2020-04-07,7,0,3,1,8,4,1
20020,2020-04-05,3,3,2,9,1,7,2
20019,2020-04-03,4,8,1,4,2,0,7
20018,2020-03-31,6,1,8,3,3,3,9
20017,2020-03-29,7,4,5,5,5,3,7
20016,2020-03-27,2,6,6,1,3,1,8
20015,2020-03-24,5,8,6,2,2,2,0
20014,2020-03-22,6,6,0,2,4,4,0
20013,2020-03-20,4,5,8,5,1,0,1
20012,2020-03-17,7,3,6,8,2,1,4
20011,2020-03-15,7,8,8,7,5,8,6
20010,2020-03-13,3,3,3,1,4,1,7
20009,2020-01-21,6,7,4,2,4,1,4
20008,2020-01-19,7,0,8,2,6,0,4
20007,2020-01-17,9,4,3,1,8,4,0
20006,2020-01-14,0,9,0,8,9,9,8
20005,2020-01-12,9,4,5,0,5,0,8
20004,2020-01-10,9,5,9,1,3,7,8
20003,2020-01-07,4,2,2,2,9,7,5
20002,2020-01-05,3,1,0,8,2,2,1
20001,2020-01-03,6,7,9,4,5,1,9
19151,2019-12-31,1,7,1,0,4,4,3
19150,2019-12-29,5,5,9,9,7,1,3
19149,2019-12-27,4,0,5,1,6,5,3
19148,2019-12-24,7,8,9,8,1,8,2
19147,2019-12-22,8,1,4,6,9,6,1
19146,2019-12-20,5,4,6,4,9,2,6
19145,2019-12-17,1,6,9,8,9,3,3
19144,2019-12-15,1,8,4,8,7,4,1
19143,2019-12-13,8,3,8,3,0,5,5
19142,2019-12-10,1,4,3,5,3,0,7
19141,2019-12-08,1,1,3,0,9,0,7
19140,2019-12-06,7,2,8,0,5,0,8
19139,2019-12-03,2,1,5,6,6,0,6
19138,2019-12-01,9,1,5,5,9,7,5
19137,2019-11-29,9,4,6,2,2,8,4
19136,2019-11-26,5,5,7,3,7,9,5
19135,2019-11-24,9,7,6,5,2,6,7
19134,2019-11-22,4,2,0,3,4,3,7
19133,2019-11-19,5,5,9,3,5,5,3
19132,2019-11-17,6,1,3,8,8,2,0
19131,2019-11-15,8,2,4,1,3,8,9
19130,2019-11-12,0,7,9,0,2,5,6
19129,2019-11-10,0,3,2,2,1,0,8
19128,2019-11-08,6,9,5,5,9,4,8
19127,2019-11-05,8,4,8,1,2,3,9
19126,2019-11-03,7,3,3,6,0,4,7
19125,2019-11-01,4,4,9,9,7,2,8
19124,2019-10-29,9,5,1,8,1,5,6
19123,2019-10-27,7,8,1,2,3,5,0
19122,2019-10-25,6,8,7,0,9,9,0
19121,2019-10-22,3,3,9,8,4,7,9
19120,2019-10-20,8,4,0,3,0,2,6
19119,2019-10-18,9,5,9,2,2,1,7
19118,2019-10-15,3,7,8,1,9,2,7
19117,2019-10-13,2,7,0,3,7,1,9
19116,2019-10-11,3,0,5,8,8,0,3
19115,2019-10-08,4,6,8,3,5,8,6
19114,2019-09-29,2,7,7,4,9,9,0
19113,2019-09-27,6,5,9,9,8,4,4
19112,2019-09-24,1,4,1,7,8,9,2
19111,2019-09-22,5,0,3,5,0,2,2
19110,2019-09-20,6,9,2,8,9,2,3
19109,2019-09-17,4,3,9,9,8,8,2
19108,2019-09-15,0,8,0,1,9,7,9
19107,2019-09-13,9,2,0,2,0,3,4
19106,2019-09-10,8,7,3,4,3,5,6
19105,2019-09-08,2,3,9,3,3,4,0
19104,2019-09-06,5,4,5,6,0,7,9
19103,2019-09-03,0,6,3,1,5,9,6
19102,2019-09-01,1,0,5,3,9,6,0
19101,2019-08-30,0,5,6,3,2,5,6
19100,2019-08-27,0,7,8,7,8,6,9
19099,2019-08-25,9,7,7,3,0,1,7
19098,2019-08-23,6,0,5,3,8,0,9
19097,2019-08-20,6,1,6,5,4,4,5
19096,2019-08-18,2,4,6,0,3,2,8
19095,2019-08-16,3,9,0,8,3,6,3
19094,2019-08-13,4,0,8,5,6,3,5
19093,2019-08-11,7,6,0,9,8,4,5
19092,2019-08-09,8,8,1,1,1,7,2
19091,2019-08-06,3,8,5,5,1,8,7
19090,2019-08-04,0,0,6,8,6,6,6
19089,2019-08-02,5,8,6,3,2,1,7
19088,2019-07-30,6,2,9,9,7,8,9
19087,2019-07-28,1,6,8,1,3,0,0
19086,2019-07-26,2,3,5,3,2,9,0
19085,2019-07-23,7,1,9,8,1,4,1
19084,2019-07-21,6,4,7,9,0,0,3
19083,2019-07-19,0,4,9,5,9,1,1
19082,2019-07-16,0,6,7,3,8,7,4
19081,2019-07-14,4,3,0,7,8,1,5
19080,2019-07-12,3,2,5,5,8,1,1
19079,2019-07-09,9,8,5,4,2,0,5
19078,2019-07-07,4,0,7,0,3,9,3
19077,2019-07-05,4,2,5,1,0,3,4
19076,2019-07-02,2,5,9,7,8,1,1
19075,2019-06-30,8,3,3,2,6,5,5
19074,2019-06-28,0,9,5,6,2,0,5
19073,2019-06-25,2,2,4,5,5,2,9
19072,2019-06-23,8,6,1,0,4,9,6
19071,2019-06-21,2,4,9,8,4,8,2
19070,2019-06-18,4,2,4,9,9,7,2
19069,2019-06-16,6,6,8,0,1,4,7
19068,2019-06-14,6,6,3,3,8,0,9
19067,2019-06-11,0,8,8,5,9,7,4
19066,2019-06-09,6,7,7,8,6,1,0
19065,2019-06-07,4,3,3,6,2,2,7
19064,2019-06-04,1,7,1,2,2,3,3
19063,2019-06-02,1,2,8,2,6,4,8
19062,2019-05-31,5,4,7,4,1,2,8
19061,2019-05-28,2,9,8,8,9,6,7
19060,2019-05-26,1,8,4,7,9,2,8
19059,2019-05-24,0,1,9,7,0,2,6
19058,2019-05-21,5,8,9,9,5,1,8
19057,2019-05-19,9,9,7,5,2,0,3
19056,2019-05-17,6,7,7,6,4,4,2
19055,2019-05-14,5,8,0,6,8,7,7
19054,2019-05-12,1,6,0,7,4,6,1
19053,2019-05-10,7,6,7,9,3,2,4
19052,2019-05-07,8,5,0,7,8,3,8
19051,2019-05-05,2,9,1,5,4,9,7
19050,2019-05-03,2,6,0,2,0,8,9
19049,2019-04-30,2,5,8,9,9,1,6
19048,2019-04-28,6,8,2,4,2,9,8
19047,2019-04-26,6,7,3,2,7,8,6
19046,2019-04-23,2,9,5,5,1,1,2
19045,2019-04-21,9,7,7,3,8,7,9
19044,2019-04-19,8,2,0,6,3,0,8
19043,2019-04-16,8,1,4,4,7,3,7
19042,2019-04-14,2,6,0,8,2,6,2
19041,2019-04-12,6,0,2,5,8,5,1
19040,2019-04-09,4,8,1,4,8,8,2
19039,2019-04-07,7,7,3,1,4,2,8
19038,2019-04-05,0,0,1,7,9,9,5
19037,2019-04-02,2,1,1,0,3,9,8
19036,2019-03-31,5,7,5,2,0,0,8
19035,2019-03-29,3,8,7,3,6,1,8
19034,2019-03-26,3,0,2,8,0,0,0
19033,2019-03-24,1,1,0,0,5,5,2
19032,2019-03-22,2,9,0,2,5,2,2
19031,2019-03-19,1,7,4,1,2,0,3
19030,2019-03-17,7,9,3,8,6,2,7
19029,2019-03-15,3,5,3,4,6,0,3
19028,2019-03-12,2,4,5,1,6,5,1
19027,2019-03-10,9,1,4,8,3,2,8
19026,2019-03-08,3,7,9,0,5,5,7
19025,2019-03-05,3,4,6,6,6,5,0
19024,2019-03-03,2,9,4,1,8,3,5
19023,2019-03-01,5,2,5,5,3,5,7
19022,2019-02-26,4,4,8,7,7,2,6
19021,2019-02-24,2,5,0,8,7,5,0
19020,2019-02-22,6,7,1,1,4,9,3
19019,2019-02-19,4,7,9,7,9,5,3
19018,2019-02-17,5,9,4,1,0,1,2
19017,2019-02-15,2,4,9,3,5,5,9
19016,2019-02-12,0,2,0,7,0,6,0
19015,2019-02-03,3,9,9,3,0,7,2
19014,2019-02-01,6,6,3,0,8,4,9
19013,2019-01-29,3,1,7,8,8,6,2
19012,2019-01-27,6,2,1,4,2,4,1
19011,2019-01-25,9,1,8,7,5,3,5
19010,2019-01-22,2,8,2,3,8,3,9
19009,2019-01-20,7,1,9,7,1,8,9
19008,2019-01-18,8,7,3,9,5,4,7
19007,2019-01-15,2,8,4,0,6,8,9
19006,2019-01-13,0,6,2,4,7,5,5
19005,2019-01-11,4,9,1,5,2,7,6
19004,2019-01-08,4,4,6,0,9,2,2
19003,2019-01-06,9,9,5,0,5,4,4
19002,2019-01-04,1,1,6,4,4,7,5
19001,2019-01-01,6,5,9,6,6,2,9
18153,2018-12-30,6,5,6,9,9,4,7
18152,2018-12-28,4,7,2,7,6,2,7
18151,2018-12-25,7,1,4,4,9,5,9
18150,2018-12-23,2,6,0,2,0,0,9
18149,2018-12-21,5,7,6,6,2,0,7
18148,2018-12-18,2,3,3,2,0,9,4
18147,2018-12-16,5,1,4,1,8,0,0
18146,2018-12-14,2,6,8,9,9,5,9
18145,2018-12-11,7,2,9,6,2,8,8
18144,2018-12-09,7,1,5,6,6,9,1
18143,2018-12-07,4,2,2,1,6,6,9
18142,2018-12-04,5,0,0,1,4,0,7
18141,2018-12-02,5,3,9,5,3,4,4
18140,2018-11-30,5,5,8,0,9,1,4
18139,2018-11-27,7,3,3,5,2,7,8
18138,2018-11-25,8,9,0,2,9,0,0
18137,2018-11-23,5,3,1,0,9,7,6
18136,2018-11-20,2,4,7,6,7,0,0
18135,2018-11-18,5,8,8,1,1,2,2
18134,2018-11-16,3,7,8,4,8,1,9
18133,2018-11-13,9,6,8,7,3,7,1
18132,2018-11-11,1,6,3,3,4,7,7
18131,2018-11-09,1,9,9,1,5,1,9
18130,2018-11-06,0,1,1,6,4,6,6
18129,2018-11-04,6,1,3,5,0,9,9
18128,2018-11-02,1,6,0,3,2,5,4
18127,2018-10-30,1,0,3,3,1,2,1
18126,2018-10-28,5,9,2,0,3,5,0
18125,2018-10-26,1,5,1,6,5,1,9
18124,2018-10-23,8,3,2,2,6,5,8
18123,2018-10-21,8,5,3,9,8,1,4
18122,2018-10-19,4,8,2,3,1,2,3
18121,2018-10-16,9,4,3,7,4,6,6
18120,2018-10-14,1,8,1,2,1,1,0
18119,2018-10-12,7,3,1,4,9,5,9
18118,2018-10-09,9,4,8,2,9,4,7
18117,2018-10-07,2,6,2,9,8,4,8
18116,2018-10-05,6,2,8,4,6,9,9
18115,2018-10-02,0,0,5,8,7,2,6
18114,2018-09-30,0,5,4,3,7,8,3
18113,2018-09-28,9,3,4,5,4,1,5
18112,2018-09-25,8,3,9,9,6,1,4
18111,2018-09-23,5,5,9,0,7,2,1
18110,2018-09-21,2,9,3,9,0,4,4
18109,2018-09-18,3,7,5,1,7,8,5
18108,2018-09-16,6,4,7,3,3,6,8
18107,2018-09-14,4,3,0,3,6,2,5
18106,2018-09-11,8,3,5,9,1,0,8
18105,2018-09-09,5,5,3,2,9,1,1
18104,2018-09-07,4,5,1,6,3,0,3
18103,2018-09-04,1,7,8,3,9,5,5
18102,2018-09-02,0,1,4,5,8,5,3
18101,2018-08-31,9,5,1,6,8,6,9
18100,2018-08-28,7,8,6,5,8,4,0
18099,2018-08-26,4,8,6,5,8,7,6
18098,2018-08-24,4,9,8,6,2,1,2
18097,2018-08-21,7,7,5,7,2,3,3
18096,2018-08-19,5,5,0,0,7,6,0
18095,2018-08-17,9,6,0,1,6,3,0
18094,2018-08-14,1,2,5,6,4,9,7
18093,2018-08-12,8,0,9,3,9,6,1
18092,2018-08-10,9,7,5,2,5,9,1
18091,2018-08-07,0,7,6,3,1,3,3
18090,2018-08-05,8,7,8,8,7,6,6
18089,2018-08-03,1,9,6,1,8,6,7
18088,2018-07-31,4,8,7,6,7,5,3
18087,2018-07-29,3,7,4,1,6,6,5
18086,2018-07-27,6,0,9,8,0,3,4
18085,2018-07-24,6,0,9,6,1,6,0
18084,2018-07-22,4,4,9,5,5,9,7
18083,2018-07-20,4,0,7,2,6,1,9
18082,2018-07-17,1,1,0,4,1,9,2
18081,2018-07-15,5,4,1,8,8,6,4
18080,2018-07-13,8,3,4,4,0,4,9
18079,2018-07-10,1,1,7,5,9,5,1
18078,2018-07-08,3,4,8,8,0,1,4
18077,2018-07-06,6,1,5,3,0,4,7
18076,2018-07-03,3,1,1,2,8,2,9
18075,2018-07-01,1,6,6,2,7,3,8
18074,2018-06-29,1,4,8,6,0,9,7
18073,2018-06-26,3,9,6,5,8,0,0
18072,2018-06-24,7,9,6,5,7,5,8
18071,2018-06-22,0,5,0,6,3,6,6
18070,2018-06-19,6,6,5,9,4,2,9
18069,2018-06-17,1,0,0,4,3,0,8
18068,2018-06-15,2,7,7,6,4,4,9
18067,2018-06-12,7,5,4,7,3,5,6
18066,2018-06-10,5,5,0,3,4,5,0
18065,2018-06-08,2,6,4,1,3,0,0
18064,2018-06-05,9,6,1,1,0,3,4
18063,2018-06-03,1,9,5,1,5,8,1
18062,2018-06-01,2,6,8,3,4,7,3
18061,2018-05-29,0,0,4,9,6,3,7
18060,2018-05-27,2,2,7,0,8,9,2
18059,2018-05-25,8,3,1,4,6,7,6
18058,2018-05-22,9,1,6,4,7,5,9
18057,2018-05-20,9,4,0,0,1,9,2
18056,2018-05-18,4,7,2,3,0,5,3
18055,2018-05-15,9,0,6,9,4,1,8
18054,2018-05-13,7,2,8,9,7,7,4
18053,2018-05-11,1,4,7,2,5,4,7
18052,2018-05-08,3,7,7,8,0,6,8
18051,2018-05-06,6,5,6,9,6,3,3
18050,2018-05-04,8,0,1,2,2,5,3
18049,2018-05-01,7,4,5,1,3,1,7
18048,2018-04-29,8,2,0,8,8,4,0
18047,2018-04-27,3,8,4,0,8,3,0
18046,2018-04-24,0,2,2,4,6,6,3
18045,2018-04-22,6,6,5,0,9,0,9
18044,2018-04-20,7,3,6,8,6,2,9
18043,2018-04-17,0,7,5,0,1,3,9
18042,2018-04-15,4,7,4,0,2,5,1
18041,2018-04-13,6,2,8,9,9,5,3
18040,2018-04-10,6,5,4,4,3,6,2
18039,2018-04-08,6,6,3,3,3,5,8
18038,2018-04-06,7,2,8,3,9,3,9
18037,2018-04-03,6,8,2,0,2,9,8
18036,2018-04-01,4,4,6,4,2,3,7
18035,2018-03-30,6,3,8,2,6,0,7
18034,2018-03-27,3,7,3,7,3,8,5
18033,2018-03-25,6,3,5,6,9,1,1
18032,2018-03-23,8,0,8,4,3,8,1
18031,2018-03-20,3,7,0,8,6,8,1
18030,2018-03-18,8,0,0,1,6,2,3
18029,2018-03-16,6,3,9,8,4,1,1
18028,2018-03-13,9,8,1,9,8,6,7
18027,2018-03-11,9,6,9,7,6,5,1
18026,2018-03-09,8,0,3,1,1,3,0
18025,2018-03-06,9,6,8,6,0,7,5
18024,2018-03-04,1,9,6,2,7,2,7
18023,2018-03-02,9,0,2,4,1,5,3
18022,2018-02-27,4,1,3,4,7,3,0
18021,2018-02-25,4,9,8,6,3,6,1
18020,2018-02-23,4,0,6,5,6,1,1
18019,2018-02-13,4,6,4,1,0,5,6
18018,2018-02-11,3,2,5,9,9,5,8
18017,2018-02-09,3,9,6,0,9,7,1
18016,2018-02-06,6,9,3,3,9,4,7
18015,2018-02-04,2,8,9,6,0,6,7
18014,2018-02-02,0,7,2,7,1,6,9
18013,2018-01-30,2,3,8,5,1,6,7
18012,2018-01-28,3,9,2,7,5,4,1
18011,2018-01-26,9,8,9,2,1,0,3
18010,2018-01-23,5,1,1,8,1,3,6
18009,2018-01-21,4,9,9,8,8,6,7
18008,2018-01-19,7,9,4,8,4,7,0
18007,2018-01-16,1,0,4,6,9,4,4
18006,2018-01-14,0,5,8,8,1,5,2
18005,2018-01-12,3,2,8,5,0,6,4
18004,2018-01-09,2,5,9,2,2,9,7
18003,2018-01-07,6,5,3,2,5,5,0
18002,2018-01-05,9,5,1,6,4,1,4
18001,2018-01-02,7,9,8,5,5,4,9
17154,2017-12-31,0,9,5,6,2,3,2
17153,2017-12-29,9,7,6,2,1,8,9
17152,2017-12-26,6,4,0,4,8,6,6
17151,2017-12-24,4,9,2,8,1,6,3
17150,2017-12-22,4,2,6,5,0,4,6
17149,2017-12-19,9,4,1,7,1,1,6
17148,2017-12-17,1,0,4,6,0,5,5
17147,2017-12-15,6,4,8,4,3,0,1
17146,2017-12-12,3,9,7,4,2,1,3
17145,2017-12-10,7,4,5,2,0,0,0
17144,2017-12-08,6,3,8,0,5,5,2
17143,2017-12-05,4,7,6,3,7,6,6
17142,2017-12-03,5,1,9,9,8,2,5
17141,2017-12-01,4,4,6,0,5,0,7
17140,2017-11-28,0,6,9,1,1,0,7
17139,2017-11-26,9,1,7,6,3,1,8
17138,2017-11-24,0,2,6,8,6,5,5
17137,2017-11-21,3,7,2,9,0,5,4
17136,2017-11-19,9,0,4,3,1,8,1
17135,2017-11-17,2,3,4,6,9,6,4
17134,2017-11-14,1,8,3,7,2,2,6
17133,2017-11-12,4,6,2,9,0,9,4
17132,2017-11-10,8,5,8,2,6,6,3
17131,2017-11-07,6,5,9,3,4,9,7
17130,2017-11-05,9,4,1,4,1,9,6
17129,2017-11-03,4,8,0,7,0,3,8
17128,2017-10-31,0,1,1,3,7,0,2
17127,2017-10-29,1,3,6,3,6,2,2
17126,2017-10-27,5,3,0,4,5,5,2
17125,2017-10-24,4,4,4,4,2,8,3
17124,2017-10-22,1,2,8,6,2,2,0
17123,2017-10-20,4,3,2,6,2,3,3
17122,2017-10-17,1,5,0,0,6,0,2
17121,2017-10-15,5,1,6,1,2,0,9
17120,2017-10-13,1,2,8,3,8,7,8
17119,2017-10-10,2,6,6,5,0,3,6
17118,2017-10-08,0,7,4,7,6,1,5
17117,2017-10-06,9,0,4,5,5,6,3
17116,2017-10-03,9,2,2,9,0,4,7
17115,2017-10-01,9,7,9,2,5,4,0
17114,2017-09-29,8,5,8,8,1,1,9
17113,2017-09-26,4,7,4,2,9,1,6
17112,2017-09-24,0,5,4,5,3,3,3
17111,2017-09-22,8,1,0,4,3,0,4
17110,2017-09-19,0,1,8,3,0,2,8
17109,2017-09-17,2,9,8,7,9,3,6
17108,2017-09-15,8,0,3,2,0,0,1
17107,2017-09-12,4,1,7,9,0,1,1
17106,2017-09-10,6,7,1,6,5,2,8
17105,2017-09-08,4,3,6,5,7,8,2
17104,2017-09-05,1,3,3,8,7,1,4
17103,2017-09-03,7,0,6,7,2,7,4
17102,2017-09-01,1,4,6,7,5,5,4
17101,2017-08-29,9,7,6,0,7,9,5
17100,2017-08-27,6,8,8,3,8,6,1
17099,2017-08-25,0,5,1,3,7,2,5
17098,2017-08-22,3,3,7,5,4,0,6
17097,2017-08-20,2,7,4,9,4,9,8
17096,2017-08-18,9,5,0,3,6,6,7
17095,2017-08-15,6,8,5,6,9,6,7
17094,2017-08-13,2,7,0,6,3,2,8
17093,2017-08-11,1,5,8,7,8,1,9
17092,2017-08-08,1,2,8,5,8,4,4
17091,2017-08-06,0,6,2,6,9,5,9
17090,2017-08-04,6,2,0,5,4,0,7
17089,2017-08-01,3,2,1,9,5,3,5
17088,2017-07-30,5,8,2,7,8,3,8
17087,2017-07-28,8,1,5,5,1,8,7
17086,2017-07-25,4,1,7,4,2,6,6
17085,2017-07-23,4,9,5,8,7,4,6
17084,2017-07-21,2,2,8,5,6,0,6
17083,2017-07-18,2,3,6,0,7,5,0
17082,2017-07-16,1,3,6,2,0,9,8
17081,2017-07-14,6,7,4,5,0,8,2
17080,2017-07-11,4,3,8,9,2,4,4
17079,2017-07-09,6,0,9,6,8,8,1
17078,2017-07-07,5,3,1,1,9,0,0
17077,2017-07-04,2,4,2,3,6,9,9
17076,2017-07-02,2,2,9,4,8,1,9
17075,2017-06-30,3,3,2,3,5,0,1
17074,2017-06-27,6,3,7,5,0,6,2
17073,2017-06-25,7,2,3,0,0,2,4
17072,2017-06-23,5,5,9,1,6,7,4
17071,2017-06-20,3,4,2,7,0,7,1
17070,2017-06-18,4,7,7,7,0,0,7
17069,2017-06-16,1,2,2,5,9,6,8
17068,2017-06-13,3,6,3,5,3,1,8
17067,2017-06-11,0,0,3,0,7,9,3
17066,2017-06-09,4,5,6,0,7,8,9
17065,2017-06-06,6,6,0,9,8,8,7
17064,2017-06-04,5,5,5,0,0,8,2
17063,2017-06-02,9,0,7,8,6,9,3
17062,2017-05-30,4,9,6,1,5,2,5
17061,2017-05-28,6,5,6,7,8,0,7
17060,2017-05-26,1,7,7,6,3,4,5
17059,2017-05-23,9,8,2,5,2,5,5
17058,2017-05-21,5,0,5,4,4,1,4
17057,2017-05-19,9,9,5,1,0,4,2
17056,2017-05-16,1,8,1,4,0,1,4
17055,2017-05-14,2,4,5,1,9,4,4
17054,2017-05-12,2,6,3,9,8,0,1
17053,2017-05-09,6,6,6,6,4,5,8
17052,2017-05-07,3,3,5,1,8,8,5
17051,2017-05-05,0,1,3,6,4,9,5
17050,2017-05-02,2,5,3,6,3,0,8
17049,2017-04-30,8,0,8,1,5,9,8
17048,2017-04-28,6,0,6,7,7,2,9
17047,2017-04-25,3,9,0,3,7,5,4
17046,2017-04-23,2,5,1,6,5,2,9
17045,2017-04-21,1,9,4,0,0,5,8
17044,2017-04-18,9,6,8,7,1,8,9
17043,2017-04-16,2,2,5,5,7,8,7
17042,2017-04-14,6,6,8,4,6,8,0
17041,2017-04-11,5,5,6,9,6,1,9
17040,2017-04-09,4,2,8,6,0,7,5
17039,2017-04-07,1,0,2,1,5,2,0
17038,2017-04-04,4,5,1,5,4,4,6
17037,2017-04-02,3,2,6,5,9,3,7
17036,2017-03-31,6,2,7,4,0,2,6
17035,2017-03-28,3,5,2,5,7,6,8
17034,2017-03-26,2,2,7,3,6,5,2
17033,2017-03-24,5,1,1,8,3,2,0
17032,2017-03-21,3,1,0,6,1,1,4
17031,2017-03-19,4,4,6,0,5,2,0
17030,2017-03-17,1,1,3,7,8,9,7
17029,2017-03-14,3,9,6,0,6,1,2
17028,2017-03-12,2,2,7,1,8,8,3
17027,2017-03-10,3,4,5,8,0,4,8
17026,2017-03-07,2,0,3,8,8,5,2
17025,2017-03-05,8,8,9,8,0,5,7
17024,2017-03-03,3,1,6,8,6,6,8
17023,2017-02-28,3,2,0,9,1,6,9
17022,2017-02-26,8,7,8,3,7,3,5
17021,2017-02-24,1,7,2,9,2,9,1
17020,2017-02-21,6,1,8,8,9,0,0
17019,2017-02-19,1,1,2,7,8,0,4
17018,2017-02-17,4,2,4,5,6,2,7
17017,2017-02-14,9,3,2,1,1,9,0
17016,2017-02-12,2,4,6,6,1,4,0
17015,2017-02-10,9,4,1,1,6,6,8
17014,2017-02-07,3,8,2,4,9,7,0
17013,2017-02-05,9,3,9,4,8,0,8
17012,2017-02-03,7,7,7,6,8,5,2
17011,2017-01-24,0,6,0,7,4,7,4
17010,2017-01-22,0,9,7,1,8,2,1
17009,2017-01-20,2,0,0,9,1,0,9
17008,2017-01-17,1,0,0,0,2,3,4
17007,2017-01-15,8,8,2,7,2,7,6
17006,2017-01-13,2,0,9,0,9,0,6
17005,2017-01-10,3,8,4,7,1,1,6
17004,2017-01-08,5,2,9,6,8,6,4
17003,2017-01-06,6,3,8,7,4,8,5
17002,2017-01-03,4,8,7,8,7,6,1
17001,2017-01-01,2,5,3,5,3,8,9
16154,2016-12-30,0,5,1,4,4,9,1
16153,2016-12-27,1,3,8,3,6,2,5
16152,2016-12-25,3,5,1,3,3,0,0
16151,2016-12-23,1,6,9,2,4,9,1
16150,2016-12-20,1,0,8,9,5,1,1
16149,2016-12-18,0,0,6,1,7,5,5
16148,2016-12-16,8,7,2,5,6,0,3
16147,2016-12-13,4,7,5,2,8,7,7
16146,2016-12-11,0,5,8,2,0,0,2
16145,2016-12-09,7,3,1,3,0,2,1
16144,2016-12-06,0,5,4,7,1,8,6
16143,2016-12-04,6,1,7,1,9,5,2
16142,2016-12-02,7,0,7,2,8,0,1
16141,2016-11-29,1,2,9,5,1,9,1
16140,2016-11-27,8,7,2,5,2,9,8
16139,2016-11-25,4,6,3,3,4,6,9
16138,2016-11-22,6,8,7,0,3,3,7
16137,2016-11-20,7,6,9,4,0,4,3
16136,2016-11-18,2,5,0,2,0,8,7
16135,2016-11-15,0,4,0,7,2,6,0
16134,2016-11-13,3,4,0,1,8,6,1
16133,2016-11-11,7,4,1,3,3,7,5
16132,2016-11-08,5,2,7,0,8,9,4
16131,2016-11-06,7,3,0,4,3,7,5
16130,2016-11-04,2,6,2,0,1,3,3
16129,2016-11-01,9,1,8,1,2,0,9
16128,2016-10-30,8,6,5,3,3,1,4
16127,2016-10-28,1,6,1,9,3,8,1
16126,2016-10-25,5,0,8,5,2,3,6
16125,2016-10-23,3,9,8,0,2,9,1
16124,2016-10-21,9,6,7,3,7,6,3
16123,2016-10-18,6,5,2,1,9,7,7
16122,2016-10-16,5,9,4,1,0,5,3
16121,2016-10-14,4,9,2,6,3,1,9
16120,2016-10-11,4,0,4,4,4,1,6
16119,2016-10-09,6,2,5,1,2,6,0
16118,2016-10-07,0,1,1,1,6,1,3
16117,2016-10-04,9,7,9,8,8,2,8
16116,2016-10-02,2,8,9,7,8,6,1
16115,2016-09-30,1,1,2,7,3,3,3
16114,2016-09-27,5,1,7,1,2,7,8
16113,2016-09-25,3,6,8,1,4,3,1
16112,2016-09-23,9,1,3,4,7,7,9
16111,2016-09-20,7,3,7,9,1,2,8
16110,2016-09-18,9,5,3,8,2,7,1
16109,2016-09-16,1,7,2,9,6,9,0
16108,2016-09-13,1,5,2,2,9,0,0
16107,2016-09-11,0,5,8,2,6,4,1
16106,2016-09-09,0,5,1,4,7,6,0
16105,2016-09-06,4,0,1,5,0,9,8
16104,2016-09-04,8,6,1,7,8,5,3
16103,2016-09-02,7,0,8,6,3,7,1
16102,2016-08-30,3,1,5,1,0,6,3
16101,2016-08-28,7,3,7,0,0,4,3
16100,2016-08-26,5,8,0,9,4,4,5
16099,2016-08-23,7,3,9,9,7,0,8
16098,2016-08-21,5,2,7,4,2,3,1
16097,2016-08-19,4,1,5,2,5,3,7
16096,2016-08-16,5,6,2,0,7,6,1
16095,2016-08-14,6,8,6,3,3,2,0
16094,2016-08-12,8,5,2,9,1,3,5
16093,2016-08-09,5,9,7,9,8,2,1
16092,2016-08-07,6,1,4,4,3,2,5
16091,2016-08-05,2,3,8,4,9,3,1
16090,2016-08-02,0,2,5,1,1,2,1
16089,2016-07-31,9,8,2,2,8,3,1
16088,2016-07-29,4,9,6,2,8,7,4
16087,2016-07-26,8,3,8,8,6,4,7
16086,2016-07-24,8,8,2,7,5,1,2
16085,2016-07-22,0,4,1,1,7,0,7
16084,2016-07-19,5,6,6,6,0,4,3
16083,2016-07-17,4,1,9,2,0,0,0
16082,2016-07-15,2,6,6,3,4,8,1
16081,2016-07-12,4,2,3,2,4,5,1
16080,2016-07-10,2,0,2,8,5,0,4
16079,2016-07-08,3,1,8,7,9,1,2
16078,2016-07-05,3,3,5,5,3,7,1
16077,2016-07-03,1,8,8,6,0,1,1
16076,2016-07-01,6,1,5,9,7,4,0
16075,2016-06-28,6,7,7,6,1,3,9
16074,2016-06-26,8,8,3,0,2,5,8
16073,2016-06-24,0,4,6,7,3,2,5
16072,2016-06-21,9,1,7,9,6,0,0
16071,2016-06-19,6,6,0,9,2,0,3
16070,2016-06-17,8,4,2,7,5,3,5
16069,2016-06-14,3,4,3,8,4,5,0
16068,2016-06-12,0,7,0,0,2,7,8
16067,2016-06-10,1,1,2,3,0,9,5
16066,2016-06-07,6,5,6,0,6,1,2
16065,2016-06-05,3,7,4,5,4,8,1
16064,2016-06-03,8,3,0,7,8,9,0
16063,2016-05-31,0,8,6,1,0,1,5
16062,2016-05-29,4,2,0,2,8,1,5
16061,2016-05-27,1,2,9,2,9,9,0
16060,2016-05-24,8,2,5,3,3,1,3
16059,2016-05-22,1,3,4,6,1,7,4
16058,2016-05-20,6,9,5,6,8,8,1
16057,2016-05-17,8,6,8,6,7,0,9
16056,2016-05-15,1,5,1,0,9,9,6
16055,2016-05-13,0,4,6,8,0,8,0
16054,2016-05-10,6,2,4,0,8,1,3
16053,2016-05-08,0,1,6,3,6,9,6
16052,2016-05-06,2,2,8,7,4,4,9
16051,2016-05-03,0,2,8,6,2,4,6
16050,2016-05-01,4,6,0,9,2,3,6
16049,2016-04-29,2,5,6,0,0,7,2
16048,2016-04-26,7,8,9,9,8,6,4
16047,2016-04-24,2,9,8,8,8,4,1
16046,2016-04-22,9,9,6,2,8,6,5
16045,2016-04-19,2,8,1,0,5,7,6
16044,2016-04-17,5,3,9,9,9,7,1
16043,2016-04-15,3,9,0,7,5,0,2
16042,2016-04-12,6,4,0,1,1,4,1
16041,2016-04-10,6,2,6,2,3,3,3
16040,2016-04-08,6,0,8,4,6,1,5
16039,2016-04-05,9,1,1,9,1,3,9
16038,2016-04-03,2,8,1,7,1,1,1
16037,2016-04-01,9,4,9,4,3,0,4
16036,2016-03-29,6,6,1,8,6,7,0
16035,2016-03-27,8,4,8,7,9,2,8
16034,2016-03-25,5,1,0,0,5,2,4
16033,2016-03-22,6,7,9,1,6,8,0
16032,2016-03-20,0,5,6,3,4,3,5
16031,2016-03-18,5,0,3,0,2,3,3
16030,2016-03-15,4,4,1,1,7,2,1
16029,2016-03-13,1,5,7,9,1,6,2
16028,2016-03-11,7,9,3,6,0,2,5
16027,2016-03-08,6,8,2,5,9,8,2
16026,2016-03-06,9,3,6,1,1,8,6
16025,2016-03-04,8,8,8,2,3,8,9
16024,2016-03-01,8,7,4,5,5,5,6
16023,2016-02-28,7,4,6,2,6,4,3
16022,2016-02-26,4,3,0,1,1,9,7
16021,2016-02-23,1,2,8,8,5,1,3
16020,2016-02-21,5,5,8,2,6,3,7
16019,2016-02-19,4,9,8,4,2,7,9
16018,2016-02-16,7,9,8,1,2,7,3
16017,2016-02-14,4,1,3,6,6,6,4
16016,2016-02-05,6,6,7,2,3,6,1
16015,2016-02-02,3,8,1,3,3,1,8
16014,2016-01-31,4,4,6,0,1,9,9
16013,2016-01-29,8,3,1,5,0,4,7
16012,2016-01-26,6,6,3,6,6,0,6
16011,2016-01-24,2,3,8,3,1,6,2
16010,2016-01-22,8,6,8,7,2,2,9
16009,2016-01-19,9,3,3,9,5,7,2
16008,2016-01-17,6,8,1,1,8,3,8
16007,2016-01-15,9,9,4,0,8,3,5
16006,2016-01-12,6,1,5,7,5,2,3
16005,2016-01-10,5,9,6,6,1,8,3
16004,2016-01-08,8,4,8,1,0,6,0
16003,2016-01-05,5,4,2,1,7,4,4
16002,2016-01-03,0,2,6,2,5,3,0
16001,2016-01-01,8,9,3,0,8,0,9
15153,2015-12-29,7,9,7,2,0,1,3
15152,2015-12-27,3,3,9,2,0,7,5
15151,2015-12-25,4,3,8,7,9,1,9
15150,2015-12-22,9,0,4,3,3,6,6
15149,2015-12-20,5,0,1,4,0,7,1
15148,2015-12-18,7,3,7,9,8,8,9
15147,2015-12-15,4,9,4,3,9,8,9
15146,2015-12-13,2,0,8,2,1,9,0
15145,2015-12-11,2,5,4,4,4,9,6
15144,2015-12-08,4,6,8,4,1,4,3
15143,2015-12-06,9,8,2,8,2,8,6
15142,2015-12-04,2,9,4,2,4,5,8
15141,2015-12-01,3,4,8,5,7,1,0
15140,2015-11-29,3,5,8,5,5,5,4
15139,2015-11-27,0,7,6,7,0,2,7
15138,2015-11-24,5,6,8,4,1,7,7
15137,2015-11-22,3,7,9,4,7,0,6
15136,2015-11-20,9,7,3,3,4,6,9
15135,2015-11-17,3,3,6,2,3,0,3
15134,2015-11-15,3,9,7,0,2,7,8
15133,2015-11-13,8,1,2,5,1,7,7
15132,2015-11-10,3,4,6,2,5,0,2
15131,2015-11-08,7,2,2,4,4,4,7
15130,2015-11-06,8,0,9,9,9,3,1
15129,2015-11-03,6,7,1,7,2,8,9
15128,2015-11-01,1,4,2,5,6,7,7
15127,2015-10-30,5,3,4,1,4,9,8
15126,2015-10-27,2,8,3,9,0,2,7
15125,2015-10-25,5,4,8,5,5,6,8
15124,2015-10-23,7,7,5,9,8,9,0
15123,2015-10-20,4,8,5,7,1,1,9
15122,2015-10-18,8,6,3,2,4,9,9
15121,2015-10-16,9,6,4,0,8,7,0
15120,2015-10-13,6,2,5,9,8,4,6
15119,2015-10-11,6,1,6,6,5,8,3
15118,2015-10-09,5,4,0,3,8,1,4
15117,2015-10-06,1,4,3,9,6,2,5
15116,2015-10-04,4,1,0,8,4,8,5
15115,2015-10-02,9,3,8,5,0,6,5
15114,2015-09-29,4,6,2,2,3,3,6
15113,2015-09-27,2,5,2,7,9,2,7
15112,2015-09-25,5,2,1,7,7,0,9
15111,2015-09-22,8,7,4,6,3,9,6
15110,2015-09-20,3,3,2,4,4,9,8
15109,2015-09-18,4,9,6,0,4,2,0
15108,2015-09-15,6,5,5,6,7,4,8
15107,2015-09-13,5,2,9,3,4,7,6
15106,2015-09-11,1,0,8,4,3,8,2
15105,2015-09-08,4,9,3,0,8,3,4
15104,2015-09-06,7,1,1,5,0,5,8
15103,2015-09-04,2,3,6,1,7,6,2
15102,2015-09-01,1,5,2,7,7,7,3
15101,2015-08-30,9,4,6,5,8,6,1
15100,2015-08-28,1,3,2,5,2,6,1
15099,2015-08-25,2,3,8,4,7,8,6
15098,2015-08-23,7,7,7,2,3,9,6
15097,2015-08-21,4,1,8,5,8,9,3
15096,2015-08-18,3,9,0,2,2,5,2
15095,2015-08-16,0,6,6,9,0,6,1
15094,2015-08-14,6,6,3,8,2,4,3
15093,2015-08-11,6,0,0,5,9,6,8
15092,2015-08-09,0,7,8,0,3,6,6
15091,2015-08-07,6,1,2,1,8,6,5
15090,2015-08-04,0,8,7,1,8,0,9
15089,2015-08-02,9,6,2,7,6,0,8
15088,2015-07-31,3,9,1,2,6,5,0
15087,2015-07-28,4,3,3,0,1,9,4
15086,2015-07-26,8,1,3,5,1,6,3
15085,2015-07-24,0,6,6,7,2,8,3
15084,2015-07-21,3,8,6,3,8,3,6
15083,2015-07-19,8,2,6,4,3,9,4
15082,2015-07-17,8,5,7,5,5,5,4
15081,2015-07-14,7,1,6,8,1,0,7
15080,2015-07-12,1,0,5,7,8,1,1
15079,2015-07-10,9,8,6,2,2,6,6
15078,2015-07-07,5,8,3,8,0,4,5
15077,2015-07-05,1,9,8,1,5,8,0
15076,2015-07-03,0,4,0,8,0,1,6
15075,2015-06-30,2,3,4,7,7,1,5
15074,2015-06-28,5,5,7,6,8,6,6
15073,2015-06-26,5,1,3,5,4,0,0
15072,2015-06-23,0,0,0,0,3,9,7
15071,2015-06-21,4,2,9,5,5,3,9
15070,2015-06-19,3,1,8,6,5,6,0
15069,2015-06-16,4,2,7,0,3,3,9
15068,2015-06-14,7,9,8,7,2,0,7
15067,2015-06-12,5,9,1,9,1,1,8
15066,2015-06-09,5,2,2,7,0,5,5
15065,2015-06-07,4,4,1,1,0,2,5
15064,2015-06-05,8,1,0,2,2,5,4
15063,2015-06-02,4,5,2,8,4,9,8
15062,2015-05-31,6,7,2,5,3,1,2
15061,2015-05-29,5,6,7,8,4,9,2
15060,2015-05-26,0,3,1,5,4,3,5
15059,2015-05-24,9,9,0,3,9,7,4
15058,2015-05-22,8,7,6,5,0,3,3
15057,2015-05-19,9,2,3,8,6,9,0
15056,2015-05-17,6,9,2,8,9,2,3
15055,2015-05-15,5,2,0,5,8,9,1
15054,2015-05-12,7,3,4,5,2,6,9
15053,2015-05-10,8,3,1,0,4,1,4
15052,2015-05-08,9,0,3,8,2,2,5
15051,2015-05-05,7,3,3,8,1,1,8
15050,2015-05-03,2,8,4,6,3,7,1
15049,2015-05-01,0,2,5,2,1,3,6
15048,2015-04-28,6,4,5,1,7,7,8
15047,2015-04-26,7,2,4,2,9,7,6
15046,2015-04-24,8,4,5,6,7,2,8
15045,2015-04-21,9,6,6,5,5,5,7
15044,2015-04-19,0,2,8,4,3,0,4
15043,2015-04-17,9,7,9,6,0,9,1
15042,2015-04-14,0,5,7,8,4,7,7
15041,2015-04-12,4,7,4,2,0,7,8
15040,2015-04-10,7,0,6,5,9,6,4
15039,2015-04-07,5,9,9,6,3,6,4
15038,2015-04-05,6,4,7,3,1,7,6
15037,2015-04-03,9,5,1,6,3,1,5
15036,2015-03-31,0,6,2,3,2,5,2
15035,2015-03-29,0,5,0,6,6,5,1
15034,2015-03-27,7,5,6,4,4,8,7
15033,2015-03-24,9,0,2,1,6,7,8
15032,2015-03-22,4,9,8,4,1,5,5
15031,2015-03-20,5,7,8,3,7,1,7
15030,2015-03-17,9,5,7,1,7,8,2
15029,2015-03-15,0,4,9,4,5,6,7
15028,2015-03-13,1,4,7,6,0,5,1
15027,2015-03-10,6,8,1,1,4,6,0
15026,2015-03-08,8,0,5,0,5,0,4
15025,2015-03-06,2,5,6,8,4,6,4
15024,2015-03-03,6,4,6,7,7,1,2
15023,2015-03-01,3,7,2,6,0,4,3
15022,2015-02-27,1,6,1,9,5,5,7
15021,2015-02-17,4,6,5,4,3,9,7
15020,2015-02-15,6,1,3,9,9,9,7
15019,2015-02-13,9,2,9,0,9,9,4
15018,2015-02-10,6,4,5,3,4,3,4
15017,2015-02-08,4,2,7,8,5,8,2
15016,2015-02-06,5,9,9,0,9,9,7
15015,2015-02-03,9,8,8,9,2,5,3
15014,2015-02-01,3,2,1,6,9,4,1
15013,2015-01-30,7,3,6,8,2,1,9
15012,2015-01-27,0,3,4,7,4,0,8
15011,2015-01-25,4,5,9,5,9,9,9
15010,2015-01-23,1,5,7,9,2,5,7
15009,2015-01-20,2,9,9,2,0,2,1
15008,2015-01-18,7,9,0,6,4,0,8
15007,2015-01-16,3,8,1,8,0,8,3
15006,2015-01-13,4,8,5,7,4,8,2
15005,2015-01-11,1,5,4,8,5,5,5
15004,2015-01-09,7,1,9,1,3,8,1
15003,2015-01-06,6,8,2,3,0,0,7
15002,2015-01-04,6,1,5,7,0,3,0
15001,2015-01-02,9,8,4,4,0,2,4
14153,2014-12-30,9,4,5,3,5,2,3
14152,2014-12-28,5,6,9,3,0,4,9
14151,2014-12-26,1,9,5,7,5,5,4
14150,2014-12-23,5,8,6,8,3,3,5
14149,2014-12-21,3,7,9,7,1,5,8
14148,2014-12-19,4,9,5,9,4,9,3
14147,2014-12-16,2,4,0,5,4,1,2
14146,2014-12-14,1,1,2,3,3,0,2
14145,2014-12-12,9,7,3,7,0,4,5
14144,2014-12-09,8,5,8,8,8,1,2
14143,2014-12-07,5,8,0,0,9,5,6
14142,2014-12-05,9,2,1,9,2,3,8
14141,2014-12-02,1,8,8,1,3,5,1
14140,2014-11-30,7,9,2,8,5,6,7
14139,2014-11-28,4,4,2,1,1,6,5
14138,2014-11-25,3,2,5,3,7,2,9
14137,2014-11-23,8,2,8,3,0,2,0
14136,2014-11-21,7,2,9,0,7,7,2
14135,2014-11-18,6,6,0,0,5,3,4
14134,2014-11-16,8,6,0,1,2,1,5
14133,2014-11-14,5,7,5,7,9,0,2
14132,2014-11-11,6,7,2,6,3,6,7
14131,2014-11-09,6,0,0,6,3,7,2
14130,2014-11-07,3,8,5,6,4,1,8
14129,2014-11-04,6,6,7,5,5,6,3
14128,2014-11-02,1,2,0,7,9,8,0
14127,2014-10-31,1,9,7,2,4,1,6
14126,2014-10-28,9,5,4,1,6,5,4
14125,2014-10-26,5,6,1,6,4,5,9
14124,2014-10-24,0,8,9,1,8,9,2
14123,2014-10-21,3,1,7,0,0,3,6
14122,2014-10-19,6,7,7,2,5,7,6
14121,2014-10-17,6,6,7,4,2,4,5
14120,2014-10-14,2,5,6,6,8,8,2
14119,2014-10-12,9,1,8,3,1,9,5
14118,2014-10-10,1,8,8,8,5,9,7
14117,2014-10-07,6,2,2,6,4,3,4
14116,2014-10-05,1,7,5,2,0,3,3
14115,2014-10-03,8,6,4,3,4,2,8
14114,2014-09-30,5,4,4,4,8,6,0
14113,2014-09-28,8,2,0,9,0,2,1
14112,2014-09-26,9,2,7,4,8,1,7
14111,2014-09-23,6,0,4,8,3,2,4
14110,2014-09-21,7,0,5,0,2,1,6
14109,2014-09-19,3,6,9,6,0,2,9
14108,2014-09-16,1,6,3,7,0,4,1
14107,2014-09-14,4,2,1,6,6,5,1
14106,2014-09-12,2,2,2,7,7,3,7
14105,2014-09-09,8,7,6,6,5,8,9
14104,2014-09-07,7,3,5,0,1,9,6
14103,2014-09-05,2,9,3,7,5,8,7
14102,2014-09-02,9,7,9,6,3,9,7
14101,2014-08-31,1,7,8,9,1,2,1
14100,2014-08-29,2,5,5,4,4,0,7
14099,2014-08-26,3,1,1,7,9,6,1
14098,2014-08-24,8,6,9,0,3,5,5
14097,2014-08-22,0,9,1,7,1,2,6
14096,2014-08-19,8,7,1,6,1,0,3
14095,2014-08-17,6,6,5,8,8,9,6
14094,2014-08-15,2,8,3,9,9,5,3
14093,2014-08-12,6,8,7,1,4,1,6
14092,2014-08-10,6,1,1,6,0,7,7
14091,2014-08-08,0,0,4,5,8,2,2
14090,2014-08-05,4,8,7,6,3,5,7
14089,2014-08-03,1,3,9,9,5,8,2
14088,2014-08-01,5,3,4,0,5,7,8
14087,2014-07-29,1,1,8,9,1,0,1
14086,2014-07-27,4,6,8,4,9,0,9
14085,2014-07-25,9,1,4,7,7,4,3
14084,2014-07-22,6,5,8,6,7,7,3
14083,2014-07-20,2,6,5,9,8,5,5
14082,2014-07-18,7,2,5,1,3,7,7
14081,2014-07-15,2,4,4,8,9,3,1
14080,2014-07-13,6,3,2,2,5,9,2
14079,2014-07-11,6,0,1,8,1,1,3
14078,2014-07-08,1,7,5,3,3,9,1
14077,2014-07-06,5,1,6,4,8,8,8
14076,2014-07-04,2,9,5,2,4,7,4
14075,2014-07-01,5,5,0,5,0,2,8
14074,2014-06-29,9,5,9,7,7,7,9
14073,2014-06-27,0,2,7,8,0,7,7
14072,2014-06-24,8,7,5,6,9,2,2
14071,2014-06-22,0,6,1,7,9,2,1
14070,2014-06-20,4,9,5,0,4,6,3
14069,2014-06-17,9,8,2,5,0,0,6
14068,2014-06-15,9,0,2,5,9,2,2
14067,2014-06-13,0,4,6,9,3,2,2
14066,2014-06-10,9,5,7,9,3,4,8
14065,2014-06-08,9,0,3,8,2,1,4
14064,2014-06-06,6,3,5,1,9,1,2
14063,2014-06-03,5,8,8,6,2,3,4
14062,2014-06-01,1,3,4,2,3,4,0
14061,2014-05-30,9,9,1,1,7,2,4
14060,2014-05-27,1,5,9,5,2,1,7
14059,2014-05-25,5,1,0,7,1,3,8
14058,2014-05-23,7,1,2,8,6,7,4
14057,2014-05-20,9,6,5,4,4,4,2
14056,2014-05-18,5,9,1,1,4,1,6
14055,2014-05-16,5,8,8,0,3,1,7
14054,2014-05-13,0,8,5,4,7,0,2
14053,2014-05-11,2,8,8,7,6,8,8
14052,2014-05-09,3,1,0,3,2,3,6
14051,2014-05-06,9,8,8,8,5,0,0
14050,2014-05-04,0,9,0,7,9,4,1
14049,2014-05-02,6,3,1,5,0,8,9
14048,2014-04-29,4,6,1,9,2,8,8
14047,2014-04-27,4,5,2,5,1,9,2
14046,2014-04-25,9,7,8,6,7,7,7
14045,2014-04-22,9,0,2,9,1,5,3
14044,2014-04-20,0,1,0,3,6,3,8
14043,2014-04-18,7,9,0,0,6,2,4
14042,2014-04-15,6,8,2,8,8,4,3
14041,2014-04-13,9,9,0,2,5,0,3
14040,2014-04-11,5,8,9,7,6,4,3
14039,2014-04-08,3,7,3,4,6,0,6
14038,2014-04-06,0,8,1,3,8,1,2
14037,2014-04-04,1,2,6,4,2,0,7
14036,2014-04-01,9,3,8,3,5,2,6
14035,2014-03-30,3,7,4,5,4,8,2
14034,2014-03-28,4,5,6,3,8,4,0
14033,2014-03-25,3,0,6,3,8,1,1
14032,2014-03-23,4,7,3,8,0,5,0
14031,2014-03-21,4,8,8,2,9,1,8
14030,2014-03-18,3,8,2,1,0,1,7
14029,2014-03-16,4,0,6,6,3,6,0
14028,2014-03-14,8,0,7,9,4,0,1
14027,2014-03-11,5,0,6,5,4,8,6
14026,2014-03-09,8,8,6,9,0,8,8
14025,2014-03-07,6,6,3,6,4,2,8
14024,2014-03-04,7,2,1,3,2,0,8
14023,2014-03-02,5,5,6,1,3,5,7
14022,2014-02-28,3,3,9,3,4,2,6
14021,2014-02-25,2,0,8,9,7,3,8
14020,2014-02-23,8,0,7,5,4,2,5
14019,2014-02-21,1,3,6,0,1,4,5
14018,2014-02-18,9,7,6,3,0,1,4
14017,2014-02-16,8,1,8,6,1,9,6
14016,2014-02-14,6,8,7,8,8,8,3
14015,2014-02-11,1,5,8,3,6,3,1
14014,2014-02-09,9,5,0,6,7,7,6
14013,2014-02-07,2,3,8,3,5,6,3
14012,2014-01-28,7,7,5,3,5,1,0
14011,2014-01-26,6,0,6,0,2,6,5
14010,2014-01-24,5,4,2,1,2,1,2
14009,2014-01-21,7,9,1,2,0,9,6
14008,2014-01-19,1,9,5,7,4,2,5
14007,2014-01-17,9,9,4,5,7,6,2
14006,2014-01-14,1,7,1,2,0,5,6
14005,2014-01-12,4,2,5,9,2,6,4
14004,2014-01-10,6,9,4,2,1,9,5
14003,2014-01-07,4,9,5,6,1,7,5
14002,2014-01-05,7,4,6,8,8,9,4
14001,2014-01-03,8,5,8,4,5,3,1
13154,2013-12-31,5,2,2,9,3,8,0
13153,2013-12-29,1,4,2,0,7,3,1
13152,2013-12-27,9,8,1,0,1,6,8
13151,2013-12-24,1,3,8,5,4,7,5
13150,2013-12-22,8,3,8,6,6,2,6
13149,2013-12-20,4,6,2,0,4,2,4
13148,2013-12-17,3,5,8,8,8,6,6
13147,2013-12-15,9,3,3,2,6,1,7
13146,2013-12-13,2,1,1,2,9,9,8
13145,2013-12-10,5,4,3,1,8,8,5
13144,2013-12-08,2,0,0,6,0,4,9
13143,2013-12-06,5,1,0,7,8,0,7
13142,2013-12-03,8,1,3,7,2,5,2
13141,2013-12-01,8,2,0,7,4,6,7
13140,2013-11-29,4,3,3,9,4,7,5
13139,2013-11-26,2,2,3,8,5,3,2
13138,2013-11-24,9,1,4,8,4,3,0
13137,2013-11-22,4,0,5,7,8,3,1
13136,2013-11-19,2,3,5,6,8,9,5
13135,2013-11-17,8,4,8,4,0,1,9
13134,2013-11-15,6,1,7,3,1,8,5
13133,2013-11-12,5,5,1,2,3,8,9
13132,2013-11-10,5,8,3,8,2,9,0
13131,2013-11-08,8,8,1,6,9,9,6
13130,2013-11-05,9,3,3,4,8,3,4
13129,2013-11-03,3,9,2,6,5,5,8
13128,2013-11-01,0,3,3,7,3,4,5
13127,2013-10-29,3,9,2,0,1,5,9
13126,2013-10-27,5,7,6,7,1,4,9
13125,2013-10-25,2,1,2,3,0,7,1
13124,2013-10-22,9,9,9,5,1,6,9
13123,2013-10-20,9,1,6,2,2,5,1
13122,2013-10-18,8,0,9,7,4,2,3
13121,2013-10-15,6,5,1,4,6,3,5
13120,2013-10-13,6,2,8,7,9,2,5
13119,2013-10-11,5,1,2,3,6,4,1
13118,2013-10-08,7,5,5,2,2,7,2
13117,2013-10-06,7,0,1,8,9,0,6
13116,2013-10-04,8,8,6,4,8,6,8
13115,2013-10-01,7,5,4,7,4,1,2
13114,2013-09-29,0,7,3,7,1,4,8
13113,2013-09-27,4,1,4,5,6,5,1
13112,2013-09-24,6,3,0,7,3,1,8
13111,2013-09-22,8,5,9,5,7,3,3
13110,2013-09-20,4,0,9,8,2,5,2
13109,2013-09-17,2,8,7,6,5,7,8
13108,2013-09-15,1,9,5,9,6,2,4
13107,2013-09-13,9,1,8,5,6,5,4
13106,2013-09-10,8,2,1,6,8,1,7
13105,2013-09-08,6,3,7,4,8,6,2
13104,2013-09-06,1,4,3,8,8,6,4
13103,2013-09-03,3,5,6,4,4,0,7
13102,2013-09-01,6,2,0,0,7,1,4
13101,2013-08-30,5,9,1,3,5,0,2
13100,2013-08-27,9,8,4,1,6,2,0
13099,2013-08-25,0,5,9,6,7,7,6
13098,2013-08-23,1,7,2,8,4,0,1
13097,2013-08-20,4,7,8,4,7,8,7
13096,2013-08-18,2,6,2,5,2,6,0
13095,2013-08-16,4,2,9,4,2,8,0
13094,2013-08-13,2,2,0,9,8,6,1
13093,2013-08-11,8,9,4,8,2,6,2
13092,2013-08-09,5,7,4,8,0,4,5
13091,2013-08-06,3,7,4,6,1,9,2
13090,2013-08-04,3,2,3,7,1,0,1
13089,2013-08-02,7,7,6,1,3,2,2
13088,2013-07-30,9,3,2,9,8,4,0
13087,2013-07-28,3,0,2,2,3,9,6
13086,2013-07-26,1,9,7,0,9,8,3
13085,2013-07-23,4,6,6,1,4,3,1
13084,2013-07-21,1,9,3,5,2,3,3
13083,2013-07-19,7,7,4,6,8,5,5
13082,2013-07-16,6,0,8,0,1,4,8
13081,2013-07-14,4,6,0,5,5,5,5
13080,2013-07-12,2,8,1,4,2,6,8
13079,2013-07-09,1,7,8,9,2,6,5
13078,2013-07-07,7,1,6,5,2,4,8
13077,2013-07-05,7,9,1,5,5,4,4
13076,2013-07-02,5,2,0,9,5,0,1
13075,2013-06-30,9,5,6,8,4,3,3
13074,2013-06-28,2,0,4,0,2,8,8
13073,2013-06-25,8,8,6,6,0,7,8
13072,2013-06-23,2,0,8,8,6,3,5
13071,2013-06-21,4,5,9,4,7,7,1
13070,2013-06-18,9,5,2,0,3,9,3
13069,2013-06-16,3,6,1,1,0,0,8
13068,2013-06-14,5,4,5,2,8,9,3
13067,2013-06-11,0,5,4,3,7,7,0
13066,2013-06-09,0,2,6,6,8,8,1
13065,2013-06-07,5,8,4,1,4,4,6
13064,2013-06-04,7,2,9,8,7,0,6
13063,2013-06-02,0,6,9,3,4,1,5
13062,2013-05-31,7,4,2,2,9,1,2
13061,2013-05-28,7,8,9,1,3,8,3
13060,2013-05-26,0,0,2,4,0,0,6
13059,2013-05-24,7,6,9,7,2,8,5
13058,2013-05-21,7,6,4,5,2,2,5
13057,2013-05-19,7,0,5,7,4,4,2
13056,2013-05-17,2,9,1,9,6,3,5
13055,2013-05-14,3,5,3,9,6,8,9
13054,2013-05-12,3,5,8,9,0,0,7
13053,2013-05-10,1,5,5,8,1,8,9
13052,2013-05-07,1,0,8,2,4,7,0
13051,2013-05-05,9,8,9,0,2,0,4
13050,2013-05-03,9,2,5,4,0,8,1
13049,2013-04-30,1,1,3,3,9,3,6
13048,2013-04-28,3,6,4,5,9,4,1
13047,2013-04-26,8,9,7,2,6,4,7
13046,2013-04-23,5,2,2,4,5,9,6
13045,2013-04-21,8,7,0,0,3,9,3
13044,2013-04-19,1,4,1,4,1,4,8
13043,2013-04-16,5,4,6,1,1,3,6
13042,2013-04-14,9,8,9,1,5,3,9
13041,2013-04-12,7,3,1,9,4,4,8
13040,2013-04-09,8,1,1,9,3,4,9
13039,2013-04-07,7,4,8,7,2,9,5
13038,2013-04-05,9,9,4,4,5,5,8
13037,2013-04-02,9,8,9,7,1,9,8
13036,2013-03-31,8,7,3,0,1,0,1
13035,2013-03-29,2,7,1,3,0,3,7
13034,2013-03-26,6,6,8,8,4,5,9
13033,2013-03-24,5,1,0,2,0,9,3
13032,2013-03-22,6,9,4,7,4,2,3
13031,2013-03-19,2,7,4,9,3,7,5
13030,2013-03-17,4,7,7,7,2,1,6
13029,2013-03-15,9,2,4,5,8,8,8
13028,2013-03-12,9,6,6,8,6,4,6
13027,2013-03-10,1,3,8,0,8,7,1
13026,2013-03-08,0,0,4,2,7,7,5
13025,2013-03-05,9,7,0,8,9,9,6
13024,2013-03-03,8,9,2,6,3,6,1
13023,2013-03-01,4,1,0,7,7,4,9
13022,2013-02-26,8,0,5,3,7,9,2
13021,2013-02-24,4,1,1,0,3,8,8
13020,2013-02-22,5,3,5,3,9,4,6
13019,2013-02-19,9,9,5,7,7,2,4
13018,2013-02-17,9,2,8,1,5,7,1
13017,2013-02-08,7,9,2,9,4,9,3
13016,2013-02-05,2,0,6,5,9,2,8
13015,2013-02-03,3,3,6,6,7,6,4
13014,2013-02-01,9,3,4,1,5,4,5
13013,2013-01-29,6,5,8,1,1,3,0
13012,2013-01-27,1,0,5,3,4,6,2
13011,2013-01-25,8,4,0,5,5,0,7
13010,2013-01-22,8,6,7,2,7,7,1
13009,2013-01-20,3,1,6,0,3,5,9
13008,2013-01-18,4,4,8,8,0,3,7
13007,2013-01-15,6,6,1,5,2,1,5
13006,2013-01-13,1,8,3,8,2,7,4
13005,2013-01-11,2,5,3,4,5,7,7
13004,2013-01-08,7,4,4,0,5,1,8
13003,2013-01-06,8,0,0,7,1,2,6
13002,2013-01-04,0,1,7,5,5,3,4
13001,2013-01-01,3,5,1,1,9,3,3
12154,2012-12-30,9,7,1,2,3,4,2
12153,2012-12-28,4,7,4,1,0,0,5
12152,2012-12-25,1,5,7,8,3,6,6
12151,2012-12-23,4,8,1,8,3,3,8
12150,2012-12-21,9,2,4,0,2,0,6
12149,2012-12-18,0,9,5,5,3,3,8
12148,2012-12-16,0,6,7,7,2,1,5
12147,2012-12-14,4,9,4,9,0,0,7
12146,2012-12-11,9,1,1,7,2,7,3
12145,2012-12-09,9,1,4,0,6,7,8
12144,2012-12-07,0,3,9,0,6,0,1
12143,2012-12-04,4,9,9,1,2,5,7
12142,2012-12-02,0,9,8,3,2,2,2
12141,2012-11-30,1,7,8,5,9,0,7
12140,2012-11-27,2,5,1,8,1,5,0
12139,2012-11-25,6,3,6,2,0,0,5
12138,2012-11-23,9,0,0,8,1,5,2
12137,2012-11-20,5,4,6,0,7,8,7
12136,2012-11-18,4,9,2,7,8,6,2
12135,2012-11-16,8,6,3,5,3,5,4
12134,2012-11-13,4,2,8,2,9,3,0
12133,2012-11-11,1,7,4,6,1,8,0
12132,2012-11-09,1,4,4,0,3,4,8
12131,2012-11-06,6,0,1,2,1,5,1
12130,2012-11-04,9,6,6,9,2,5,7
12129,2012-11-02,6,2,1,8,0,5,9
12128,2012-10-30,4,4,8,4,6,8,2
12127,2012-10-28,8,0,2,8,4,5,2
12126,2012-10-26,1,7,8,4,9,8,3
12125,2012-10-23,2,8,4,8,3,5,9
12124,2012-10-21,3,9,6,1,4,4,8
12123,2012-10-19,0,9,6,1,4,4,1
12122,2012-10-16,0,2,2,8,7,1,0
12121,2012-10-14,0,1,8,7,5,3,5
12120,2012-10-12,2,6,9,2,3,8,5
12119,2012-10-09,9,3,9,9,5,4,0
12118,2012-10-07,2,6,9,5,6,9,2
12117,2012-10-05,4,2,6,3,7,2,8
12116,2012-10-02,8,3,6,1,2,1,2
12115,2012-09-30,9,7,0,1,3,9,1
12114,2012-09-28,1,0,0,4,6,1,4
12113,2012-09-25,2,1,2,6,0,3,5
12112,2012-09-23,8,3,7,9,5,3,7
12111,2012-09-21,5,8,4,7,9,9,0
12110,2012-09-18,6,2,3,9,5,5,3
12109,2012-09-16,5,1,6,3,9,5,5
12108,2012-09-14,6,1,1,8,0,5,3
12107,2012-09-11,1,1,8,1,4,7,0
12106,2012-09-09,8,5,3,2,2,3,0
12105,2012-09-07,4,8,5,5,6,0,5
12104,2012-09-04,5,7,0,0,3,9,5
12103,2012-09-02,2,9,9,9,3,3,5
12102,2012-08-31,8,7,6,6,3,5,8
12101,2012-08-28,3,4,6,2,1,1,5
12100,2012-08-26,7,0,5,2,9,2,4
12099,2012-08-24,7,1,0,0,5,2,5
12098,2012-08-21,5,4,8,8,5,9,6
12097,2012-08-19,2,7,1,5,0,4,9
12096,2012-08-17,3,6,2,6,2,5,7
12095,2012-08-14,6,3,0,4,7,5,3
12094,2012-08-12,0,6,7,4,8,6,3
12093,2012-08-10,6,2,6,1,8,9,1
12092,2012-08-07,4,9,7,3,6,4,7
12091,2012-08-05,2,4,4,2,9,3,6
12090,2012-08-03,7,6,2,1,1,6,1
12089,2012-07-31,1,5,7,1,1,4,9
12088,2012-07-29,8,4,6,3,8,0,2
12087,2012-07-27,9,3,0,2,4,9,1
12086,2012-07-24,9,2,0,7,9,3,8
12085,2012-07-22,4,6,9,2,1,6,0
12084,2012-07-20,3,1,3,0,9,9,2
12083,2012-07-17,2,1,4,8,2,9,5
12082,2012-07-15,5,2,7,9,1,6,3
12081,2012-07-13,2,3,8,8,7,1,0
12080,2012-07-10,1,1,2,7,4,3,4
12079,2012-07-08,3,5,9,4,6,4,8
12078,2012-07-06,6,9,2,0,3,9,2
12077,2012-07-03,7,4,1,9,0,2,9
12076,2012-07-01,5,4,9,2,2,9,3
12075,2012-06-29,7,3,4,9,3,8,3
12074,2012-06-26,5,3,0,7,2,7,5
12073,2012-06-24,1,5,7,6,9,5,0
12072,2012-06-22,5,1,1,9,7,8,0
12071,2012-06-19,0,6,6,8,6,8,8
12070,2012-06-17,8,8,9,8,0,9,4
12069,2012-06-15,7,7,2,5,1,8,5
12068,2012-06-12,5,8,7,7,2,1,0
12067,2012-06-10,4,8,8,6,5,5,8
12066,2012-06-08,1,5,2,5,0,2,3
12065,2012-06-05,4,2,3,7,5,8,0
12064,2012-06-03,6,9,3,5,5,6,5
12063,2012-06-01,7,0,3,7,5,3,1
12062,2012-05-29,9,2,0,4,2,0,5
12061,2012-05-27,7,1,6,8,6,9,8
12060,2012-05-25,3,0,4,4,4,7,0
12059,2012-05-22,0,4,1,1,0,8,8
12058,2012-05-20,7,8,2,0,7,6,9
12057,2012-05-18,9,8,8,7,2,1,2
12056,2012-05-15,0,1,7,9,5,3,7
12055,2012-05-13,7,7,5,1,3,4,4
12054,2012-05-11,2,0,7,2,2,5,5
12053,2012-05-08,9,6,6,1,5,0,0
12052,2012-05-06,5,1,2,0,3,5,4
12051,2012-05-04,8,8,1,6,7,9,9
12050,2012-05-01,9,7,7,1,0,0,6
12049,2012-04-29,6,8,5,6,3,1,6
12048,2012-04-27,3,9,5,4,2,7,1
12047,2012-04-24,8,7,4,6,8,3,4
12046,2012-04-22,4,8,2,6,8,2,7
12045,2012-04-20,5,8,8,2,7,1,3
12044,2012-04-17,4,3,7,7,3,8,7
12043,2012-04-15,0,2,1,7,3,9,9
12042,2012-04-13,0,7,1,4,2,6,2
12041,2012-04-10,0,4,5,6,6,0,8
12040,2012-04-08,5,2,2,1,1,9,3
12039,2012-04-06,4,4,6,5,9,0,3
12038,2012-04-03,6,0,0,1,4,9,9
12037,2012-04-01,7,7,4,7,7,6,1
12036,2012-03-30,0,9,3,2,2,8,1
12035,2012-03-27,1,0,2,2,3,6,4
12034,2012-03-25,3,1,3,2,7,4,1
12033,2012-03-23,0,7,7,3,8,2,7
12032,2012-03-20,0,7,6,7,7,1,2
12031,2012-03-18,1,6,3,8,4,7,0
12030,2012-03-16,2,1,2,0,4,3,3
12029,2012-03-13,5,7,6,0,1,1,9
12028,2012-03-11,5,4,8,9,7,2,4
12027,2012-03-09,1,2,6,3,8,8,9
12026,2012-03-06,8,0,5,9,8,1,5
12025,2012-03-04,5,5,9,2,9,0,0
12024,2012-03-02,5,2,1,5,3,8,5
12023,2012-02-28,9,3,8,9,0,6,5
12022,2012-02-26,9,6,4,3,2,9,8
12021,2012-02-24,1,0,5,2,3,2,3
12020,2012-02-21,7,3,6,1,5,7,4
12019,2012-02-19,8,1,2,8,1,3,9
12018,2012-02-17,8,3,3,6,5,1,3
12017,2012-02-14,2,3,5,0,4,5,8
12016,2012-02-12,5,2,5,7,1,4,5
12015,2012-02-10,5,4,7,5,7,3,2
12014,2012-02-07,3,4,6,5,1,6,0
12013,2012-02-05,1,0,1,1,0,6,7
12012,2012-02-03,1,1,8,1,8,4,0
12011,2012-01-31,2,5,6,2,7,6,1
12010,2012-01-29,0,0,6,4,5,4,0
12009,2012-01-20,7,8,0,7,9,0,9
12008,2012-01-17,9,0,6,7,7,3,8
12007,2012-01-15,8,2,5,0,9,0,4
12006,2012-01-13,8,0,7,9,4,9,5
12005,2012-01-10,6,8,5,7,0,7,6
12004,2012-01-08,4,4,3,3,6,1,2
12003,2012-01-06,0,5,2,7,3,1,4
12002,2012-01-03,6,9,7,3,5,8,3
12001,2012-01-01,5,0,6,0,9,9,8
11153,2011-12-30,4,0,9,2,5,0,2
11152,2011-12-27,9,3,1,9,6,7,4
11151,2011-12-25,4,1,5,8,3,6,1
11150,2011-12-23,1,5,2,5,8,9,2
11149,2011-12-20,7,0,7,7,5,2,1
11148,2011-12-18,5,5,4,4,2,0,7
11147,2011-12-16,0,0,5,4,3,2,2
11146,2011-12-13,6,9,3,9,4,0,2
11145,2011-12-11,2,6,7,5,7,0,6
11144,2011-12-09,4,8,3,1,9,0,5
11143,2011-12-06,3,6,3,5,6,4,4
11142,2011-12-04,6,5,7,2,6,5,3
11141,2011-12-02,1,2,9,2,0,5,9
11140,2011-11-29,1,9,5,8,7,2,5
11139,2011-11-27,6,6,3,6,2,4,4
11138,2011-11-25,7,4,2,7,0,8,8
11137,2011-11-22,9,0,1,2,9,8,7
11136,2011-11-20,4,2,6,0,2,8,2
11135,2011-11-18,2,1,5,2,6,1,3
11134,2011-11-15,7,9,6,0,3,5,3
11133,2011-11-13,7,2,5,2,1,5,6
11132,2011-11-11,9,6,6,3,3,6,3
11131,2011-11-08,0,2,0,4,9,7,2
11130,2011-11-06,6,4,1,7,7,8,6
11129,2011-11-04,6,8,2,5,9,8,9
11128,2011-11-01,0,6,8,5,0,0,8
11127,2011-10-30,4,0,7,0,3,7,7
11126,2011-10-28,9,1,8,3,8,6,1
11125,2011-10-25,1,5,2,2,1,6,6
11124,2011-10-23,8,2,3,4,9,4,3
11123,2011-10-21,9,8,5,1,3,2,4
11122,2011-10-18,2,1,5,6,0,6,0
11121,2011-10-16,9,2,1,5,4,7,1
11120,2011-10-14,4,3,2,8,3,2,7
11119,2011-10-11,5,9,1,0,5,4,7
11118,2011-10-09,7,4,3,0,6,9,4
11117,2011-10-07,1,1,7,4,8,2,7
11116,2011-10-04,0,0,2,5,1,7,9
11115,2011-10-02,2,1,3,1,5,3,5
11114,2011-09-30,5,9,7,1,5,4,5
11113,2011-09-27,6,2,2,7,8,7,8
11112,2011-09-25,5,4,1,3,9,2,5
11111,2011-09-23,6,6,1,5,7,0,1
11110,2011-09-20,8,7,4,1,5,9,1
11109,2011-09-18,0,2,0,9,8,3,7
11108,2011-09-16,4,2,6,1,7,2,6
11107,2011-09-13,4,5,4,3,3,9,8
11106,2011-09-11,5,3,3,6,6,9,6
11105,2011-09-09,5,7,2,7,1,7,2
11104,2011-09-06,1,1,4,9,1,3,2
11103,2011-09-04,2,8,4,9,2,9,6
11102,2011-09-02,4,3,5,4,1,1,0
11101,2011-08-30,6,0,1,2,9,5,6
11100,2011-08-28,9,7,6,7,7,1,1
11099,2011-08-26,1,1,0,7,4,7,5
11098,2011-08-23,0,0,9,5,6,0,3
11097,2011-08-21,1,5,2,6,5,8,7
11096,2011-08-19,8,9,9,8,3,8,2
11095,2011-08-16,4,4,2,0,5,9,1
11094,2011-08-14,8,9,6,0,7,9,5
11093,2011-08-12,9,5,9,2,4,5,3
11092,2011-08-09,4,1,6,4,2,5,7
11091,2011-08-07,7,3,1,4,8,6,9
11090,2011-08-05,3,9,0,1,3,6,1
11089,2011-08-02,4,5,8,0,0,6,7
11088,2011-07-31,0,1,8,3,6,8,9
11087,2011-07-29,3,2,5,7,1,1,4
11086,2011-07-26,0,1,5,1,8,7,3
11085,2011-07-24,5,9,5,7,5,4,0
11084,2011-07-22,3,5,4,8,2,7,8
11083,2011-07-19,3,6,0,7,4,9,0
11082,2011-07-17,1,4,0,2,9,0,7
11081,2011-07-15,2,3,7,3,7,4,6
11080,2011-07-12,2,5,7,9,5,5,0
11079,2011-07-10,3,8,2,9,7,1,5
11078,2011-07-08,5,8,6,5,6,2,5
11077,2011-07-05,4,6,9,4,2,3,7
11076,2011-07-03,3,5,2,7,0,4,1
11075,2011-07-01,7,1,9,1,3,1,2
11074,2011-06-28,0,8,1,9,0,5,6
11073,2011-06-26,9,7,1,0,8,4,5
11072,2011-06-24,3,7,1,4,1,4,6
11071,2011-06-21,6,2,3,8,5,4,4
11070,2011-06-19,4,0,0,3,0,2,0
11069,2011-06-17,9,2,4,7,9,5,2
11068,2011-06-14,2,5,2,5,7,1,5
11067,2011-06-12,7,3,7,3,0,8,8
11066,2011-06-10,8,1,3,5,1,8,1
11065,2011-06-07,0,0,0,9,9,2,1
11064,2011-06-05,7,3,4,8,3,4,4
11063,2011-06-03,7,7,4,1,5,8,1
11062,2011-05-31,3,4,3,6,2,8,4
11061,2011-05-29,0,8,4,2,2,7,4
11060,2011-05-27,8,4,5,4,8,2,0
11059,2011-05-24,4,4,2,0,5,7,2
11058,2011-05-22,4,3,5,9,0,1,2
11057,2011-05-20,5,1,8,8,5,1,6
11056,2011-05-17,9,4,5,6,5,0,5
11055,2011-05-15,7,5,8,0,8,1,2
11054,2011-05-13,9,4,0,9,3,4,3
11053,2011-05-10,6,2,4,4,6,9,2
11052,2011-05-08,7,7,0,8,5,3,3
11051,2011-05-06,3,2,7,7,4,0,1
11050,2011-05-03,2,1,9,3,5,6,0
11049,2011-05-01,1,4,5,8,1,8,9
11048,2011-04-29,0,0,5,7,6,8,9
11047,2011-04-26,7,9,1,2,2,9,5
11046,2011-04-24,1,1,6,3,8,4,7
11045,2011-04-22,0,8,8,9,3,9,9
11044,2011-04-19,6,6,3,5,8,4,6
11043,2011-04-17,6,6,8,9,7,2,0
11042,2011-04-15,4,7,6,1,3,6,2
11041,2011-04-12,6,6,6,9,3,6,6
11040,2011-04-10,3,8,8,8,7,5,7
11039,2011-04-08,9,6,2,7,7,3,1
11038,2011-04-05,0,1,2,4,7,4,5
11037,2011-04-03,8,5,5,6,9,4,6
11036,2011-04-01,3,6,8,4,6,2,7
11035,2011-03-29,2,7,4,8,7,7,2
11034,2011-03-27,6,4,9,8,9,6,2
11033,2011-03-25,2,0,5,2,5,3,6
11032,2011-03-22,2,0,8,1,6,3,2
11031,2011-03-20,7,6,4,1,7,3,5
11030,2011-03-18,4,4,5,2,9,3,3
11029,2011-03-15,1,6,4,0,0,0,2
11028,2011-03-13,5,2,3,5,8,2,5
11027,2011-03-11,8,6,2,3,2,3,7
11026,2011-03-08,2,0,5,8,3,6,5
11025,2011-03-06,8,9,2,7,7,5,3
11024,2011-03-04,9,3,7,7,3,7,0
11023,2011-03-01,7,4,0,3,5,9,1
11022,2011-02-27,7,5,3,2,0,0,6
11021,2011-02-25,6,0,7,2,0,7,0
11020,2011-02-22,7,2,5,0,2,6,1
11019,2011-02-20,6,0,8,8,9,9,4
11018,2011-02-18,6,6,2,2,5,7,7
11017,2011-02-15,7,2,5,9,2,6,3
11016,2011-02-13,5,3,5,9,7,9,3
11015,2011-02-11,5,0,1,2,1,1,3
11014,2011-02-01,3,4,4,0,2,8,8
11013,2011-01-30,5,9,8,8,4,2,2
11012,2011-01-28,4,7,4,4,5,0,0
11011,2011-01-25,0,0,6,6,3,6,6
11010,2011-01-23,1,3,6,3,3,7,8
11009,2011-01-21,1,1,0,7,5,3,0
11008,2011-01-18,8,3,6,6,6,7,0
11007,2011-01-16,3,4,9,8,5,5,3
11006,2011-01-14,1,6,5,0,9,5,7
11005,2011-01-11,2,9,6,9,6,4,5
11004,2011-01-09,3,6,0,4,1,6,6
11003,2011-01-07,9,0,9,8,0,9,3
11002,2011-01-04,0,1,5,0,6,5,0
11001,2011-01-02,9,8,4,5,8,5,4
10154,2010-12-31,5,2,5,2,9,7,4
10153,2010-12-28,5,8,6,9,3,6,7
10152,2010-12-26,6,8,4,2,0,1,5
10151,2010-12-24,5,2,9,5,7,6,7
10150,2010-12-21,7,6,7,4,2,1,3
10149,2010-12-19,9,2,5,7,4,8,5
10148,2010-12-17,1,8,6,5,0,5,5
10147,2010-12-14,2,1,1,0,8,7,3
10146,2010-12-12,1,1,6,8,2,0,1
10145,2010-12-10,5,3,0,3,2,9,7
10144,2010-12-07,0,7,8,4,2,0,5
10143,2010-12-05,0,5,7,8,6,8,4
10142,2010-12-03,1,9,4,3,7,4,6
10141,2010-11-30,1,8,5,8,5,8,3
10140,2010-11-28,2,6,6,3,3,0,9
10139,2010-11-26,0,9,8,7,2,6,5
10138,2010-11-23,9,6,2,7,6,8,8
10137,2010-11-21,7,7,7,7,0,7,7
10136,2010-11-19,1,3,3,4,7,3,1
10135,2010-11-16,1,9,0,0,8,4,1
10134,2010-11-14,6,7,9,9,4,3,6
10133,2010-11-12,9,8,9,4,4,6,8
10132,2010-11-09,7,6,5,8,3,3,8
10131,2010-11-07,2,7,6,0,2,1,2
10130,2010-11-05,6,6,7,4,5,2,1
10129,2010-11-02,3,1,4,8,9,9,8
10128,2010-10-31,9,7,4,0,6,1,1
10127,2010-10-29,6,4,8,2,5,7,4
10126,2010-10-26,3,9,6,6,0,2,4
10125,2010-10-24,5,8,2,2,1,4,6
10124,2010-10-22,9,9,7,7,0,3,0
10123,2010-10-19,3,8,6,9,6,9,7
10122,2010-10-17,0,2,7,7,8,3,4
10121,2010-10-15,4,1,3,0,7,3,5
10120,2010-10-12,2,1,9,6,7,5,2
10119,2010-10-10,5,1,5,2,6,5,7
10118,2010-10-08,3,6,5,3,8,0,4
10117,2010-10-05,4,5,3,9,1,9,7
10116,2010-10-03,9,3,7,0,4,3,0
10115,2010-10-01,2,0,8,7,3,9,3
10114,2010-09-28,9,6,6,3,5,5,4
10113,2010-09-26,5,7,3,7,6,9,9
10112,2010-09-24,1,8,4,4,9,5,2
10111,2010-09-21,7,0,4,6,0,7,7
10110,2010-09-19,5,4,4,2,4,0,4
10109,2010-09-17,5,3,2,0,7,7,0
10108,2010-09-14,6,4,6,5,4,9,0
10107,2010-09-12,2,5,9,4,4,4,8
10106,2010-09-10,9,3,8,2,1,9,4
10105,2010-09-07,7,7,6,0,9,9,9
10104,2010-09-05,5,5,3,1,9,7,9
10103,2010-09-03,0,7,2,9,6,0,3
10102,2010-08-31,7,5,4,0,6,6,2
10101,2010-08-29,3,7,5,9,1,8,8
10100,2010-08-27,5,5,6,6,7,4,0
10099,2010-08-24,2,7,7,7,9,2,8
10098,2010-08-22,5,6,6,7,5,7,9
10097,2010-08-20,3,4,9,0,6,7,1
10096,2010-08-17,5,0,6,8,8,6,4
10095,2010-08-15,8,3,8,7,8,5,8
10094,2010-08-13,5,5,6,4,6,1,3
10093,2010-08-10,4,6,1,6,3,6,3
10092,2010-08-08,1,1,9,9,1,0,2
10091,2010-08-06,6,7,2,6,0,0,2
10090,2010-08-03,5,6,1,8,4,6,6
10089,2010-08-01,9,1,8,8,6,3,1
10088,2010-07-30,4,4,3,4,7,2,5
10087,2010-07-27,0,6,5,5,8,8,1
10086,2010-07-25,5,4,5,7,8,7,4
10085,2010-07-23,7,9,1,4,0,7,0
10084,2010-07-20,8,0,1,6,5,3,2
10083,2010-07-18,6,0,4,0,3,3,0
10082,2010-07-16,5,7,2,6,3,1,6
10081,2010-07-13,0,1,7,6,2,3,1
10080,2010-07-11,1,1,1,1,5,7,1
10079,2010-07-09,3,9,2,4,2,5,6
10078,2010-07-06,1,7,8,1,1,8,9
10077,2010-07-04,3,3,4,4,3,8,0
10076,2010-07-02,8,0,3,2,2,9,3
10075,2010-06-29,8,6,2,2,3,3,0
10074,2010-06-27,3,8,2,3,4,2,7
10073,2010-06-25,6,5,2,1,7,3,4
10072,2010-06-22,3,1,6,5,3,8,1
10071,2010-06-20,4,8,4,1,6,0,5
10070,2010-06-18,9,5,8,4,1,1,5
10069,2010-06-15,1,5,1,4,1,0,9
10068,2010-06-13,9,0,7,7,1,9,5
10067,2010-06-11,8,0,1,7,4,2,2
10066,2010-06-08,8,9,9,0,9,3,6
10065,2010-06-06,5,5,0,9,8,9,3
10064,2010-06-04,0,0,7,5,2,2,0
10063,2010-06-01,5,8,8,5,4,0,6
10062,2010-05-30,4,9,2,2,6,0,7
10061,2010-05-28,6,5,4,0,7,2,4
10060,2010-05-25,0,6,5,3,1,8,9
10059,2010-05-23,8,4,1,5,7,3,6
10058,2010-05-21,8,0,8,6,7,1,9
10057,2010-05-18,1,5,7,4,1,4,3
10056,2010-05-16,8,1,9,5,3,9,4
10055,2010-05-14,3,4,6,1,2,2,9
10054,2010-05-11,4,0,3,6,5,1,6
10053,2010-05-09,9,5,0,7,2,5,3
10052,2010-05-07,8,0,3,9,2,2,2
10051,2010-05-04,7,5,4,7,8,9,5
10050,2010-05-02,6,3,8,7,8,2,3
10049,2010-04-30,5,4,6,4,8,3,7
10048,2010-04-27,6,7,7,4,6,4,6
10047,2010-04-25,0,3,1,6,6,5,5
10046,2010-04-23,4,1,3,1,2,4,0
10045,2010-04-20,8,7,2,0,0,1,3
10044,2010-04-18,1,4,2,5,6,6,6
10043,2010-04-16,6,8,2,2,6,6,5
10042,2010-04-13,8,3,2,1,9,4,9
10041,2010-04-11,6,6,7,7,3,0,6
10040,2010-04-09,8,5,9,4,1,0,4
10039,2010-04-06,3,1,0,8,7,8,0
10038,2010-04-04,8,7,1,8,1,2,7
10037,2010-04-02,4,9,6,7,3,4,7
10036,2010-03-30,3,7,9,3,7,4,4
10035,2010-03-28,9,8,9,5,7,6,9
10034,2010-03-26,3,3,8,1,4,0,3
10033,2010-03-23,9,1,5,5,0,2,0
10032,2010-03-21,9,2,8,7,7,2,7
10031,2010-03-19,4,8,5,0,9,2,8
10030,2010-03-16,7,6,9,5,8,9,0
10029,2010-03-14,7,6,6,8,3,8,3
10028,2010-03-12,5,1,7,0,6,9,9
10027,2010-03-09,0,9,4,7,2,3,8
10026,2010-03-07,6,5,8,8,1,0,6
10025,2010-03-05,4,4,4,2,0,6,5
10024,2010-03-02,9,6,6,7,9,5,8
10023,2010-02-28,4,4,8,3,7,4,3
10022,2010-02-26,9,8,0,5,7,9,4
10021,2010-02-23,9,5,4,2,2,4,4
10020,2010-02-21,9,6,0,8,0,8,8
10019,2010-02-12,7,7,7,9,2,6,9
10018,2010-02-09,0,0,6,2,6,2,5
10017,2010-02-07,9,1,3,2,2,6,8
10016,2010-02-05,6,6,6,9,5,1,7
10015,2010-02-02,2,5,2,2,1,3,9
10014,2010-01-31,2,5,0,9,1,0,6
10013,2010-01-29,9,5,5,7,7,2,0
10012,2010-01-26,5,1,6,1,3,3,5
10011,2010-01-24,8,8,7,2,1,9,5
10010,2010-01-22,3,3,0,5,6,8,8
10009,2010-01-19,6,1,4,9,7,0,2
10008,2010-01-17,5,2,8,5,3,9,1
10007,2010-01-15,7,0,5,8,3,4,7
10006,2010-01-12,1,6,4,3,9,9,0
10005,2010-01-10,3,5,0,1,1,5,8
10004,2010-01-08,4,0,6,0,9,1,0
10003,2010-01-05,1,4,5,6,7,8,0
10002,2010-01-03,3,9,8,5,5,0,4
10001,2010-01-01,2,9,0,1,4,4,4
09153,2009-12-29,4,3,5,2,3,6,5
09152,2009-12-27,0,0,8,4,4,0,2
09151,2009-12-25,6,2,5,1,6,4,2
09150,2009-12-22,2,8,4,5,5,6,2
09149,2009-12-20,1,4,4,4,5,5,1
09148,2009-12-18,2,3,7,2,6,2,6
09147,2009-12-15,3,0,2,9,9,8,1
09146,2009-12-13,0,7,8,0,4,9,0
09145,2009-12-11,9,6,0,3,1,1,8
09144,2009-12-08,8,7,9,7,1,8,6
09143,2009-12-06,4,0,4,7,3,7,0
09142,2009-12-04,2,7,5,0,4,9,7
09141,2009-12-01,0,8,8,9,6,9,7
09140,2009-11-29,3,7,3,8,1,4,3
09139,2009-11-27,8,3,6,3,9,9,0
09138,2009-11-24,6,5,5,7,8,4,4
09137,2009-11-22,5,1,1,2,8,0,2
09136,2009-11-20,1,1,6,0,0,5,9
09135,2009-11-17,9,8,4,6,8,9,0
09134,2009-11-15,7,4,4,8,7,6,8
09133,2009-11-13,5,4,4,2,7,4,7
09132,2009-11-10,9,2,5,5,2,5,9
09131,2009-11-08,5,8,5,0,1,7,8
09130,2009-11-06,2,7,5,2,6,8,3
09129,2009-11-03,5,0,7,4,4,6,1
09128,2009-11-01,2,4,4,1,0,1,7
09127,2009-10-30,7,2,1,1,5,8,8
09126,2009-10-27,3,9,1,5,3,4,1
09125,2009-10-25,8,0,9,1,4,2,2
09124,2009-10-23,9,8,7,2,9,3,4
09123,2009-10-20,8,7,1,9,6,8,0
09122,2009-10-18,6,5,3,0,5,7,6
09121,2009-10-16,5,5,4,7,5,7,1
09120,2009-10-13,3,5,6,3,2,7,9
09119,2009-10-11,6,8,8,0,9,5,9
09118,2009-10-09,2,1,0,2,9,4,7
09117,2009-10-06,2,4,3,3,2,4,3
09116,2009-10-04,5,3,3,1,9,6,0
09115,2009-10-02,0,8,6,3,3,6,5
09114,2009-09-29,5,9,7,9,6,8,4
09113,2009-09-27,8,0,1,9,8,4,1
09112,2009-09-25,2,8,3,2,4,3,2
09111,2009-09-22,0,7,9,4,2,7,3
09110,2009-09-20,4,7,8,4,3,2,0
09109,2009-09-18,4,3,1,4,0,6,4
09108,2009-09-15,8,4,0,9,8,7,8
09107,2009-09-13,7,0,4,2,7,2,1
09106,2009-09-11,4,6,8,6,3,8,9
09105,2009-09-08,9,0,4,3,7,9,6
09104,2009-09-06,8,4,5,8,4,9,4
09103,2009-09-04,9,6,4,9,9,5,3
09102,2009-09-01,7,1,3,1,5,2,0
09101,2009-08-30,2,1,2,5,5,9,2
09100,2009-08-28,7,2,2,9,4,0,1
09099,2009-08-25,7,7,0,0,0,6,3
09098,2009-08-23,1,6,7,2,5,6,7
09097,2009-08-21,1,4,8,3,9,8,6
09096,2009-08-18,6,4,1,2,2,8,5
09095,2009-08-16,3,3,1,3,9,7,2
09094,2009-08-14,7,2,2,0,5,6,0
09093,2009-08-11,4,6,6,2,7,0,3
09092,2009-08-09,8,6,0,3,4,9,5
09091,2009-08-07,0,8,2,4,6,5,5
09090,2009-08-04,7,6,7,5,1,7,2
09089,2009-08-02,0,9,4,2,5,2,1
09088,2009-07-31,0,3,6,1,9,6,3
09087,2009-07-28,3,6,7,1,2,2,6
09086,2009-07-26,9,3,1,0,2,7,3
09085,2009-07-24,4,7,9,8,7,7,0
09084,2009-07-21,5,4,5,1,6,6,6
09083,2009-07-19,4,1,4,5,8,4,5
09082,2009-07-17,9,4,4,5,9,1,3
09081,2009-07-14,5,4,9,6,3,5,8
09080,2009-07-12,4,5,1,0,0,8,0
09079,2009-07-10,3,9,4,0,6,5,9
09078,2009-07-07,8,9,3,3,0,0,8
09077,2009-07-05,5,6,5,5,1,4,7
09076,2009-07-03,2,3,7,3,1,0,0
09075,2009-06-30,3,9,0,6,5,3,5
09074,2009-06-28,6,9,0,7,8,2,4
09073,2009-06-26,0,9,9,8,8,6,0
09072,2009-06-23,7,6,6,9,9,4,4
09071,2009-06-21,2,6,9,7,3,0,4
09070,2009-06-19,7,9,7,2,5,8,8
09069,2009-06-16,7,6,2,1,5,4,3
09068,2009-06-14,4,1,2,0,1,1,0
09067,2009-06-12,7,8,6,9,4,4,5
09066,2009-06-09,4,6,2,7,9,2,1
09065,2009-06-07,6,6,7,7,1,1,1
09064,2009-06-05,5,7,3,6,4,5,1
09063,2009-06-02,6,8,1,3,6,6,5
09062,2009-05-31,2,8,1,4,9,2,8
09061,2009-05-29,3,3,6,7,5,5,2
09060,2009-05-26,4,7,2,7,8,5,1
09059,2009-05-24,2,1,5,3,2,5,0
09058,2009-05-22,9,3,6,1,2,4,8
09057,2009-05-19,8,6,9,9,0,6,3
09056,2009-05-17,1,8,5,6,5,9,7
09055,2009-05-15,9,1,6,8,9,1,2
09054,2009-05-12,6,7,2,5,3,1,2
09053,2009-05-10,2,1,8,9,4,0,0
09052,2009-05-08,1,7,2,4,5,3,3
09051,2009-05-05,5,3,1,0,0,4,9
09050,2009-05-03,2,2,8,2,0,2,8
09049,2009-05-01,4,3,5,0,6,5,0
09048,2009-04-28,8,1,2,3,5,5,8
09047,2009-04-26,3,5,1,1,5,8,7
09046,2009-04-24,3,7,0,1,4,4,5
09045,2009-04-21,8,7,4,0,1,3,1
09044,2009-04-19,8,8,5,0,4,9,7
09043,2009-04-17,3,8,7,2,4,9,7
09042,2009-04-14,3,9,7,0,5,0,6
09041,2009-04-12,1,7,3,8,2,6,6
09040,2009-04-10,1,0,2,7,5,7,5
09039,2009-04-07,4,1,9,4,2,2,9
09038,2009-04-05,9,6,8,1,9,2,6
09037,2009-04-03,6,8,9,4,7,6,3
09036,2009-03-31,5,1,8,6,9,0,6
09035,2009-03-29,3,5,7,4,8,5,6
09034,2009-03-27,4,1,7,5,0,6,9
09033,2009-03-24,7,3,2,4,3,1,2
09032,2009-03-22,5,5,5,9,9,3,3
09031,2009-03-20,3,6,2,9,9,7,3
09030,2009-03-17,6,6,2,8,9,4,4
09029,2009-03-15,2,3,2,6,9,8,3
09028,2009-03-13,0,3,3,8,1,9,7
09027,2009-03-10,9,4,8,7,7,5,1
09026,2009-03-08,3,9,0,2,8,8,8
09025,2009-03-06,5,1,1,3,8,9,0
09024,2009-03-03,9,8,2,4,9,9,6
09023,2009-03-01,2,1,9,6,1,3,2
09022,2009-02-27,3,3,7,7,1,9,7
09021,2009-02-24,7,4,0,1,6,9,1
09020,2009-02-22,2,2,2,8,8,7,6
09019,2009-02-20,1,1,9,0,5,3,6
09018,2009-02-17,2,2,6,3,2,1,3
09017,2009-02-15,4,6,2,2,3,4,4
09016,2009-02-13,1,6,7,8,2,2,6
09015,2009-02-10,6,6,6,7,2,8,8
09014,2009-02-08,7,2,9,5,9,8,6
09013,2009-02-06,6,3,7,3,9,5,5
09012,2009-02-03,2,7,6,6,2,9,0
09011,2009-02-01,4,1,4,9,8,8,9
09010,2009-01-23,0,3,2,5,2,8,1
09009,2009-01-20,8,9,3,9,3,8,2
09008,2009-01-18,8,6,6,1,3,4,6
09007,2009-01-16,0,6,4,8,7,9,1
09006,2009-01-13,3,6,1,2,5,3,7
09005,2009-01-11,6,8,6,1,7,7,7
09004,2009-01-09,3,2,2,1,8,1,5
09003,2009-01-06,4,2,1,5,9,1,0
09002,2009-01-04,4,8,8,5,7,4,0
09001,2009-01-02,2,9,1,0,3,7,4
08154,2008-12-30,2,5,2,4,8,0,7
08153,2008-12-28,8,2,1,0,4,6,3
08152,2008-12-26,6,3,9,4,5,6,5
08151,2008-12-23,5,6,6,6,3,4,1
08150,2008-12-21,9,6,7,0,7,6,1
08149,2008-12-19,4,2,6,0,1,1,3
08148,2008-12-16,3,1,6,3,3,1,4
08147,2008-12-14,4,1,7,5,6,0,5
08146,2008-12-12,1,2,0,7,1,9,0
08145,2008-12-09,4,3,3,5,6,3,4
08144,2008-12-07,2,0,4,8,8,2,5
08143,2008-12-05,6,3,8,1,1,9,2
08142,2008-12-02,4,3,9,7,3,7,2
08141,2008-11-30,9,1,5,2,5,7,5
08140,2008-11-28,9,3,5,1,0,1,8
08139,2008-11-25,9,7,6,6,3,7,3
08138,2008-11-23,7,3,1,5,8,4,6
08137,2008-11-21,4,0,3,8,9,6,1
08136,2008-11-18,1,4,0,1,9,5,2
08135,2008-11-16,8,5,0,8,1,9,3
08134,2008-11-14,3,5,4,0,7,9,7
08133,2008-11-11,9,1,8,6,5,9,8
08132,2008-11-09,2,4,9,8,2,7,5
08131,2008-11-07,7,1,5,7,6,3,7
08130,2008-11-04,2,8,8,9,7,0,3
08129,2008-11-02,2,0,0,6,8,6,7
08128,2008-10-31,5,7,2,4,2,0,8
08127,2008-10-28,9,0,4,0,0,1,0
08126,2008-10-26,2,2,4,4,9,3,3
08125,2008-10-24,9,2,3,9,4,1,8
08124,2008-10-21,2,7,3,7,0,2,4
08123,2008-10-19,8,2,6,0,9,4,0
08122,2008-10-17,4,9,9,7,0,0,7
08121,2008-10-14,6,6,1,8,4,1,7
08120,2008-10-12,1,1,6,5,0,5,5
08119,2008-10-10,2,2,3,6,4,1,1
08118,2008-10-07,6,5,4,4,9,6,8
08117,2008-10-05,8,3,2,3,8,5,4
08116,2008-10-03,7,5,4,9,3,7,7
08115,2008-09-30,8,9,7,1,5,4,9
08114,2008-09-28,9,9,1,8,7,5,5
08113,2008-09-26,7,8,1,4,8,8,7
08112,2008-09-23,8,3,3,5,6,0,9
08111,2008-09-21,7,1,5,9,7,7,9
08110,2008-09-19,2,9,3,3,1,7,8
08109,2008-09-16,3,1,5,9,9,4,5
08108,2008-09-14,1,3,9,7,8,8,7
08107,2008-09-12,5,7,3,3,2,4,9
08106,2008-09-09,1,7,2,7,9,7,4
08105,2008-09-07,3,5,1,2,2,5,4
08104,2008-09-05,1,9,8,1,0,0,0
08103,2008-09-02,3,1,4,5,1,0,5
08102,2008-08-31,1,3,3,3,5,3,7
08101,2008-08-29,0,8,3,4,0,2,5
08100,2008-08-26,2,3,3,1,9,7,4
08099,2008-08-24,5,0,5,5,6,1,6
08098,2008-08-22,8,9,0,2,8,9,2
08097,2008-08-19,7,7,5,9,2,4,8
08096,2008-08-17,2,9,9,4,9,6,7
08095,2008-08-15,2,8,0,2,2,8,8
08094,2008-08-12,6,6,0,4,3,4,4
08093,2008-08-10,2,9,0,6,9,0,1
08092,2008-08-08,9,6,9,5,1,0,5
08091,2008-08-05,3,6,9,7,0,2,5
08090,2008-08-03,7,6,5,9,1,6,8
08089,2008-08-01,3,4,7,9,2,2,7
08088,2008-07-29,8,1,3,1,9,8,5
08087,2008-07-27,1,6,8,2,5,6,9
08086,2008-07-25,4,4,6,2,1,3,1
08085,2008-07-22,9,9,1,7,4,1,4
08084,2008-07-20,4,8,9,6,8,9,5
08083,2008-07-18,5,2,1,4,5,7,7
08082,2008-07-15,7,1,3,2,8,2,4
08081,2008-07-13,4,5,7,0,1,1,5
08080,2008-07-11,9,4,7,9,2,2,5
08079,2008-07-08,7,2,6,3,5,8,7
08078,2008-07-06,4,2,6,9,0,0,6
08077,2008-07-04,3,9,8,3,6,9,8
08076,2008-07-01,7,9,6,5,8,4,9
08075,2008-06-29,5,4,6,2,5,7,7
08074,2008-06-27,9,4,6,5,5,2,2
08073,2008-06-24,7,5,2,3,3,8,4
08072,2008-06-22,7,1,1,1,7,4,1
08071,2008-06-20,0,0,2,4,9,8,0
08070,2008-06-17,2,0,6,0,0,3,5
08069,2008-06-15,4,2,3,8,6,9,1
08068,2008-06-13,0,1,4,3,8,9,6
08067,2008-06-10,7,3,4,0,3,2,7
08066,2008-06-08,1,2,4,1,8,2,4
08065,2008-06-06,7,5,8,0,9,3,9
08064,2008-06-03,8,0,3,0,0,8,9
08063,2008-06-01,0,0,9,3,7,5,9
08062,2008-05-30,6,5,5,2,0,2,2
08061,2008-05-27,9,0,0,0,8,1,8
08060,2008-05-25,1,5,6,8,4,9,2
08059,2008-05-23,2,1,0,7,6,9,7
08058,2008-05-20,5,4,6,9,5,4,5
08057,2008-05-18,3,5,9,7,7,1,6
08056,2008-05-16,4,1,3,0,4,1,8
08055,2008-05-13,3,5,2,6,3,6,1
08054,2008-05-11,9,6,7,5,0,3,2
08053,2008-05-09,8,5,1,7,0,7,2
08052,2008-05-06,9,6,1,9,6,6,7
08051,2008-05-04,8,6,9,5,6,5,0
08050,2008-05-02,7,1,4,6,6,6,9
08049,2008-04-29,6,2,7,8,5,5,6
08048,2008-04-27,4,6,4,1,3,8,3
08047,2008-04-25,8,9,8,4,9,0,8
08046,2008-04-22,2,1,6,0,8,7,0
08045,2008-04-20,1,8,0,9,5,5,2
08044,2008-04-18,9,6,5,1,8,5,3
08043,2008-04-15,7,9,8,5,2,0,9
08042,2008-04-13,7,3,8,1,1,1,0
08041,2008-04-11,6,0,5,4,1,9,5
08040,2008-04-08,5,9,0,5,8,2,5
08039,2008-04-06,8,8,2,3,2,0,0
08038,2008-04-04,3,9,3,2,8,8,6
08037,2008-04-01,5,0,9,9,2,3,6
08036,2008-03-30,3,7,0,9,5,4,2
08035,2008-03-28,6,8,9,0,3,3,8
08034,2008-03-25,9,1,5,2,6,6,9
08033,2008-03-23,3,8,5,3,0,1,7
08032,2008-03-21,2,2,5,3,5,2,7
08031,2008-03-18,0,7,4,1,4,2,1
08030,2008-03-16,3,8,9,0,4,3,6
08029,2008-03-14,3,7,9,8,6,5,6
08028,2008-03-11,3,3,2,6,6,3,1
08027,2008-03-09,2,0,4,1,3,1,0
08026,2008-03-07,8,3,3,9,0,2,7
08025,2008-03-04,3,7,6,0,2,3,9
08024,2008-03-02,1,1,7,2,4,7,2
08023,2008-02-29,9,1,8,8,0,0,1
08022,2008-02-26,6,9,6,1,1,4,0
08021,2008-02-24,6,4,8,7,2,3,1
08020,2008-02-22,3,8,1,2,5,0,1
08019,2008-02-19,9,6,0,9,1,2,5
08018,2008-02-17,9,2,8,3,6,6,9
08017,2008-02-15,4,3,0,5,9,1,5
08016,2008-02-05,8,4,5,4,8,2,3
08015,2008-02-03,6,3,7,1,8,4,0
08014,2008-02-01,4,3,1,3,8,7,9
08013,2008-01-29,8,7,6,3,6,6,6
08012,2008-01-27,8,9,8,9,5,3,9
08011,2008-01-25,8,7,6,9,8,4,2
08010,2008-01-22,0,6,0,5,7,9,5
08009,2008-01-20,0,5,0,2,5,0,4
08008,2008-01-18,7,9,2,9,9,1,2
08007,2008-01-15,6,6,8,2,9,6,9
08006,2008-01-13,2,5,6,4,6,3,9
08005,2008-01-11,7,1,1,0,6,7,3
08004,2008-01-08,4,8,5,1,1,1,7
08003,2008-01-06,4,0,4,8,3,2,4
08002,2008-01-04,5,3,5,7,8,1,3
08001,2008-01-01,1,9,5,8,3,6,8
07153,2007-12-30,4,3,5,7,9,1,8
07152,2007-12-28,7,4,3,8,0,1,8
07151,2007-12-25,4,1,2,5,2,4,2
07150,2007-12-23,1,4,1,7,4,1,1
07149,2007-12-21,0,4,3,9,9,6,8
07148,2007-12-18,2,1,4,6,3,3,0
07147,2007-12-16,2,2,0,0,0,7,0
07146,2007-12-14,7,0,5,3,7,3,1
07145,2007-12-11,9,6,7,2,4,9,8
07144,2007-12-09,4,1,5,8,1,3,4
07143,2007-12-07,0,5,3,1,2,7,3
07142,2007-12-04,6,0,4,0,6,6,9
07141,2007-12-02,8,5,0,2,0,5,9
07140,2007-11-30,9,4,1,5,8,9,7
07139,2007-11-27,8,4,8,8,4,4,6
07138,2007-11-25,4,9,4,2,7,1,9
07137,2007-11-23,4,0,2,1,0,5,6
07136,2007-11-20,5,8,2,0,8,8,3
07135,2007-11-18,9,6,5,2,8,7,0
07134,2007-11-16,6,9,9,8,8,5,1
07133,2007-11-13,9,6,5,2,0,7,3
07132,2007-11-11,1,5,7,2,6,4,0
07131,2007-11-09,7,7,3,5,6,3,9
07130,2007-11-06,5,4,3,9,4,9,1
07129,2007-11-04,7,7,7,8,8,4,6
07128,2007-11-02,6,7,4,7,9,5,1
07127,2007-10-30,6,8,4,9,4,0,8
07126,2007-10-28,1,7,5,7,8,8,7
07125,2007-10-26,4,4,0,3,3,8,0
07124,2007-10-23,5,7,8,1,5,2,4
07123,2007-10-21,5,1,4,6,0,1,2
07122,2007-10-19,3,3,4,1,7,4,7
07121,2007-10-16,7,7,2,5,8,6,0
07120,2007-10-14,1,4,3,6,9,1,7
07119,2007-10-12,9,8,9,9,4,0,3
07118,2007-10-09,6,5,7,6,7,6,8
07117,2007-10-07,2,1,1,1,5,6,4
07116,2007-10-05,4,1,1,1,9,9,1
07115,2007-10-02,0,0,2,8,2,5,2
07114,2007-09-30,9,2,9,8,6,1,2
07113,2007-09-28,7,5,8,1,8,3,3
07112,2007-09-25,8,5,1,8,9,4,0
07111,2007-09-23,2,9,0,1,1,6,6
07110,2007-09-21,6,7,1,9,3,4,7
07109,2007-09-18,9,4,0,2,9,9,5
07108,2007-09-16,4,7,2,8,5,3,4
07107,2007-09-14,3,9,7,7,5,9,0
07106,2007-09-11,5,1,9,8,8,1,3
07105,2007-09-09,8,7,6,8,1,1,4
07104,2007-09-07,3,8,8,0,0,4,3
07103,2007-09-04,9,4,5,3,7,2,5
07102,2007-09-02,6,0,9,0,0,7,1
07101,2007-08-31,2,8,8,5,5,6,7
07100,2007-08-28,4,4,1,0,2,5,7
07099,2007-08-26,8,4,8,6,9,7,9
07098,2007-08-24,3,9,5,4,7,0,9
07097,2007-08-21,4,7,2,9,9,8,6
07096,2007-08-19,6,9,4,6,0,4,6
07095,2007-08-17,6,9,5,8,0,6,0
07094,2007-08-14,4,6,5,2,1,6,8
07093,2007-08-12,6,3,0,1,4,9,7
07092,2007-08-10,9,1,0,4,8,2,6
07091,2007-08-07,4,1,5,7,1,0,7
07090,2007-08-05,7,9,2,1,1,0,3
07089,2007-08-03,0,5,2,5,5,4,9
07088,2007-07-31,7,0,9,8,4,9,3
07087,2007-07-29,0,3,5,2,6,1,1
07086,2007-07-27,1,7,0,5,4,3,1
07085,2007-07-24,1,2,1,6,7,7,5
07084,2007-07-22,3,0,4,3,7,8,6
07083,2007-07-20,5,0,9,0,4,1,4
07082,2007-07-17,1,6,9,0,0,0,3
07081,2007-07-15,8,0,0,2,3,6,5
07080,2007-07-13,5,5,8,7,0,2,6
07079,2007-07-10,5,4,6,8,4,6,9
07078,2007-07-08,5,3,8,3,3,5,2
07077,2007-07-06,6,9,6,0,3,1,3
07076,2007-07-03,8,5,4,6,9,8,9
07075,2007-07-01,4,6,2,0,9,5,4
07074,2007-06-29,1,8,3,6,6,7,3
07073,2007-06-26,1,7,6,3,2,7,0
07072,2007-06-24,0,7,6,0,4,2,7
07071,2007-06-22,8,8,3,2,3,5,6
07070,2007-06-19,2,8,5,7,8,9,0
07069,2007-06-17,8,6,0,9,2,6,9
07068,2007-06-15,6,8,4,7,0,7,3
07067,2007-06-12,6,2,8,0,3,3,5
07066,2007-06-10,7,5,0,7,3,7,9
07065,2007-06-08,4,1,9,1,9,1,7
07064,2007-06-05,4,2,7,3,9,8,3
07063,2007-06-03,1,4,9,4,4,2,0
07062,2007-06-01,8,7,6,0,0,2,3
07061,2007-05-29,1,2,0,1,9,3,3
07060,2007-05-27,8,9,8,3,3,0,0
07059,2007-05-25,4,2,0,7,3,1,9
07058,2007-05-22,5,5,1,9,8,3,7
07057,2007-05-20,5,1,3,8,2,0,7
07056,2007-05-18,2,0,8,1,5,8,2
07055,2007-05-15,6,8,3,5,9,5,3
07054,2007-05-13,1,5,4,3,2,1,7
07053,2007-05-11,1,6,8,7,2,9,9
07052,2007-05-08,4,5,0,7,8,0,4
07051,2007-05-06,4,3,5,3,1,4,0
07050,2007-05-04,8,4,1,6,9,6,0
07049,2007-05-01,2,4,7,7,5,5,4
07048,2007-04-29,9,3,9,4,5,1,9
07047,2007-04-27,2,4,1,2,1,6,0
07046,2007-04-24,2,0,9,9,9,6,0
07045,2007-04-22,7,8,3,0,9,1,4
07044,2007-04-20,8,5,7,6,2,5,8
07043,2007-04-17,8,1,9,4,9,5,7
07042,2007-04-15,0,0,9,7,3,4,2
07041,2007-04-13,9,8,2,7,2,7,2
07040,2007-04-10,2,2,5,5,3,9,6
07039,2007-04-08,1,6,2,6,4,7,3
07038,2007-04-06,3,1,1,1,3,8,3
07037,2007-04-03,4,2,3,5,7,4,4
07036,2007-04-01,7,5,6,5,3,1,7
07035,2007-03-30,8,8,8,5,1,1,6
07034,2007-03-27,2,4,2,4,1,9,8
07033,2007-03-25,4,7,5,2,2,8,8
07032,2007-03-23,3,1,2,1,2,9,9
07031,2007-03-20,9,6,1,6,3,5,2
07030,2007-03-18,5,8,1,1,3,0,2
07029,2007-03-16,9,1,4,0,2,0,0
07028,2007-03-13,1,7,6,7,5,0,3
07027,2007-03-11,2,0,0,5,7,9,6
07026,2007-03-09,0,4,9,7,4,5,2
07025,2007-03-06,6,1,3,0,0,0,0
07024,2007-03-04,9,3,9,8,5,4,6
07023,2007-03-02,5,8,6,2,3,5,4
07022,2007-02-27,6,1,1,0,3,9,6
07021,2007-02-25,0,3,4,6,7,5,6
07020,2007-02-16,3,6,7,0,9,2,5
07019,2007-02-13,1,2,8,6,2,7,8
07018,2007-02-11,0,9,9,1,8,4,5
07017,2007-02-09,9,0,8,5,4,7,8
07016,2007-02-06,2,5,0,4,5,5,7
07015,2007-02-04,3,1,7,9,5,8,5
07014,2007-02-02,3,4,1,5,3,1,4
07013,2007-01-30,0,8,6,6,0,0,8
07012,2007-01-28,5,2,6,3,4,6,1
07011,2007-01-26,3,9,2,3,1,9,3
07010,2007-01-23,1,6,0,9,8,7,7
07009,2007-01-21,5,3,8,7,2,0,8
07008,2007-01-19,2,1,6,6,7,3,5
07007,2007-01-16,5,1,8,9,6,9,4
07006,2007-01-14,0,3,5,3,6,1,0
07005,2007-01-12,4,6,4,0,2,0,4
07004,2007-01-09,6,4,3,1,9,9,7
07003,2007-01-07,5,7,5,8,6,8,7
07002,2007-01-05,8,3,3,5,8,8,2
07001,2007-01-02,3,9,5,5,5,3,6
06154,2006-12-31,1,7,4,2,9,6,0
06153,2006-12-29,5,9,7,0,7,8,4
06152,2006-12-26,1,1,7,9,8,1,9
06151,2006-12-24,0,4,6,3,1,6,2
06150,2006-12-22,9,8,6,6,5,0,9
06149,2006-12-19,4,0,3,9,8,5,2
06148,2006-12-17,0,9,2,2,7,4,8
06147,2006-12-15,1,8,5,7,5,5,4
06146,2006-12-12,1,9,1,5,7,7,9
06145,2006-12-10,4,8,6,4,6,9,7
06144,2006-12-08,8,8,9,6,8,8,0
06143,2006-12-05,2,5,3,4,3,2,5
06142,2006-12-03,2,3,9,2,3,8,4
06141,2006-12-01,1,5,3,2,0,2,0
06140,2006-11-28,6,8,9,9,0,4,9
06139,2006-11-26,3,3,9,9,2,1,3
06138,2006-11-24,4,2,7,2,1,6,4
06137,2006-11-21,0,3,8,7,7,2,1
06136,2006-11-19,4,8,1,4,3,4,5
06135,2006-11-17,8,9,4,1,1,4,5
06134,2006-11-14,7,9,9,4,6,2,3
06133,2006-11-12,1,3,4,3,3,0,6
06132,2006-11-10,6,0,1,7,2,2,0
06131,2006-11-07,5,1,8,4,4,9,0
06130,2006-11-05,7,8,6,7,7,6,2
06129,2006-11-03,1,8,6,6,2,2,1
06128,2006-10-31,2,1,4,1,3,8,9
06127,2006-10-29,3,7,8,9,9,1,9
06126,2006-10-27,6,2,4,1,6,2,8
06125,2006-10-24,2,3,6,1,4,4,7
06124,2006-10-22,5,3,8,1,3,1,5
06123,2006-10-20,3,7,7,0,4,3,6
06122,2006-10-17,5,4,0,8,7,0,6
06121,2006-10-15,9,4,0,9,2,1,0
06120,2006-10-13,1,8,3,6,9,7,8
06119,2006-10-10,2,1,9,3,2,3,8
06118,2006-10-08,9,8,6,3,3,8,3
06117,2006-10-06,5,1,3,4,9,2,8
06116,2006-10-03,9,3,2,9,2,8,6
06115,2006-10-01,3,8,4,2,7,8,9
06114,2006-09-29,6,4,0,2,1,5,4
06113,2006-09-26,2,5,9,9,2,1,2
06112,2006-09-24,8,1,2,4,4,5,4
06111,2006-09-22,9,3,1,1,0,1,0
06110,2006-09-19,1,2,9,1,3,2,6
06109,2006-09-17,5,7,4,1,8,2,6
06108,2006-09-15,7,0,1,8,3,1,8
06107,2006-09-12,1,1,0,7,4,8,8
06106,2006-09-10,4,5,3,2,5,7,4
06105,2006-09-08,5,7,4,8,3,8,4
06104,2006-09-05,9,5,7,2,0,8,8
06103,2006-09-03,2,7,9,4,8,7,3
06102,2006-09-01,9,7,2,6,6,3,4
06101,2006-08-29,3,2,3,9,6,7,7
06100,2006-08-27,1,7,1,5,0,0,4
06099,2006-08-25,8,4,3,9,2,6,8
06098,2006-08-22,8,8,7,0,3,5,1
06097,2006-08-20,8,5,4,3,9,4,4
06096,2006-08-18,0,6,1,3,3,3,4
06095,2006-08-15,6,1,6,8,8,3,4
06094,2006-08-13,0,7,5,8,4,9,3
06093,2006-08-11,8,4,4,1,1,9,9
06092,2006-08-08,7,7,4,8,1,2,9
06091,2006-08-06,7,3,1,2,1,4,2
06090,2006-08-04,2,4,4,6,5,3,5
06089,2006-08-01,9,0,5,0,1,3,3
06088,2006-07-30,2,1,2,0,5,1,6
06087,2006-07-28,6,4,5,2,8,5,9
06086,2006-07-25,1,7,9,5,0,4,2
06085,2006-07-23,1,9,3,3,9,7,9
06084,2006-07-21,7,9,5,0,8,6,7
06083,2006-07-18,4,0,4,7,0,6,8
06082,2006-07-16,4,5,7,5,4,5,6
06081,2006-07-14,0,1,2,1,2,1,4
06080,2006-07-11,1,0,9,8,4,2,5
06079,2006-07-09,3,4,1,2,6,2,1
06078,2006-07-07,4,8,3,0,6,1,5
06077,2006-07-04,4,6,5,1,6,5,1
06076,2006-07-02,2,3,0,9,8,6,7
06075,2006-06-30,2,3,4,3,9,0,0
06074,2006-06-27,1,1,4,0,0,6,9
06073,2006-06-25,4,3,1,5,0,0,5
06072,2006-06-23,3,8,4,4,4,9,0
06071,2006-06-20,0,8,6,8,1,8,0
06070,2006-06-18,2,4,7,0,1,1,1
06069,2006-06-16,1,0,5,8,4,6,3
06068,2006-06-13,2,4,5,0,1,8,3
06067,2006-06-11,9,6,3,0,5,4,9
06066,2006-06-09,3,2,7,9,9,1,0
06065,2006-06-06,3,6,8,7,4,6,5
06064,2006-06-04,7,9,2,2,2,6,0
06063,2006-06-02,3,1,2,2,6,3,3
06062,2006-05-30,0,2,1,3,4,5,1
06061,2006-05-28,3,1,3,9,7,9,4
06060,2006-05-26,9,1,1,8,8,9,1
06059,2006-05-23,0,5,7,5,2,9,5
06058,2006-05-21,8,2,3,6,2,4,1
06057,2006-05-19,4,7,2,9,0,6,7
06056,2006-05-16,5,9,3,3,8,8,2
06055,2006-05-14,2,2,2,1,7,1,1
06054,2006-05-12,7,6,5,6,8,8,5
06053,2006-05-09,0,6,5,6,8,8,6
06052,2006-05-07,5,2,5,0,8,0,7
06051,2006-05-05,6,9,7,4,8,6,5
06050,2006-05-02,4,5,3,8,1,3,3
06049,2006-04-30,9,7,6,0,5,3,6
06048,2006-04-28,4,3,7,6,0,3,9
06047,2006-04-25,9,6,4,6,1,7,4
06046,2006-04-23,1,0,7,4,5,2,5
06045,2006-04-21,8,5,1,0,1,6,5
06044,2006-04-18,2,7,3,9,0,3,3
06043,2006-04-16,8,1,2,3,9,5,2
06042,2006-04-14,9,1,8,4,8,7,0
06041,2006-04-11,6,3,9,7,9,5,4
06040,2006-04-09,5,6,1,8,0,7,3
06039,2006-04-07,1,6,1,8,9,2,3
06038,2006-04-04,1,3,6,6,8,7,0
06037,2006-04-02,1,6,7,6,2,4,3
06036,2006-03-31,7,4,4,5,1,7,5
06035,2006-03-28,1,5,0,1,3,9,3
06034,2006-03-26,0,1,3,3,2,7,5
06033,2006-03-24,5,8,2,8,6,4,6
06032,2006-03-21,7,3,2,6,8,8,1
06031,2006-03-19,6,7,0,5,3,3,0
06030,2006-03-17,8,8,0,5,8,1,4
06029,2006-03-14,0,6,6,7,2,8,9
06028,2006-03-12,0,4,4,8,5,3,1
06027,2006-03-10,2,1,8,8,2,7,7
06026,2006-03-07,8,1,5,7,6,6,0
06025,2006-03-05,0,3,3,1,9,7,4
06024,2006-03-03,9,0,6,2,2,9,0
06023,2006-02-28,9,9,0,6,8,7,6
06022,2006-02-26,2,5,2,3,6,0,7
06021,2006-02-24,3,5,0,0,7,1,4
06020,2006-02-21,3,0,2,4,1,2,9
06019,2006-02-19,0,0,6,7,9,9,2
06018,2006-02-17,4,6,9,3,3,5,4
06017,2006-02-14,3,8,7,8,9,6,9
06016,2006-02-12,9,8,8,2,0,5,7
06015,2006-02-10,2,1,8,2,5,8,6
06014,2006-02-07,7,0,4,7,6,8,3
06013,2006-02-05,2,3,0,6,6,0,0
06012,2006-01-27,2,4,9,3,7,6,0
06011,2006-01-24,2,1,9,4,0,0,2
06010,2006-01-22,1,3,6,0,5,0,2
06009,2006-01-20,2,8,1,0,2,4,0
06008,2006-01-17,0,7,6,2,3,9,1
06007,2006-01-15,7,2,1,9,8,6,6
06006,2006-01-13,2,5,7,8,2,2,7
06005,2006-01-10,5,6,3,5,7,5,8
06004,2006-01-08,8,1,5,8,1,1,8
06003,2006-01-06,4,5,3,5,7,6,2
06002,2006-01-03,6,7,2,5,8,1,4
06001,2006-01-01,6,6,5,9,0,5,2
05153,2005-12-30,1,9,2,7,9,4,6
05152,2005-12-27,0,9,4,9,8,8,3
05151,2005-12-25,7,5,8,5,1,0,8
05150,2005-12-23,9,6,8,1,3,6,2
05149,2005-12-20,4,8,7,7,5,2,8
05148,2005-12-18,3,0,8,1,5,3,1
05147,2005-12-16,9,1,1,1,6,9,6
05146,2005-12-13,8,7,9,9,7,9,6
05145,2005-12-11,5,0,6,3,9,6,8
05144,2005-12-09,8,9,9,6,4,3,8
05143,2005-12-06,9,7,0,7,7,1,7
05142,2005-12-04,0,1,8,7,0,2,7
05141,2005-12-02,0,1,7,8,7,8,7
05140,2005-11-29,0,4,9,8,5,5,2
05139,2005-11-27,9,2,1,4,1,9,5
05138,2005-11-25,5,2,2,8,7,2,2
05137,2005-11-22,9,0,2,6,8,7,1
05136,2005-11-20,2,9,2,5,8,1,7
05135,2005-11-18,8,1,4,9,8,1,8
05134,2005-11-15,5,0,5,7,1,7,1
05133,2005-11-13,3,0,1,3,9,5,7
05132,2005-11-11,1,1,6,1,7,2,5
05131,2005-11-08,2,1,4,1,3,8,9
05130,2005-11-06,5,8,5,0,2,5,2
05129,2005-11-04,8,8,8,7,0,2,1
05128,2005-11-01,7,0,9,2,4,9,6
05127,2005-10-30,8,6,3,6,3,7,2
05126,2005-10-28,4,0,4,1,3,6,5
05125,2005-10-25,0,8,2,2,5,0,3
05124,2005-10-23,5,7,1,1,9,0,9
05123,2005-10-21,5,5,6,6,0,8,9
05122,2005-10-18,2,9,4,8,3,9,4
05121,2005-10-16,7,2,4,3,5,8,2
05120,2005-10-14,7,4,9,3,9,9,0
05119,2005-10-11,7,5,1,7,9,5,2
05118,2005-10-09,9,3,1,7,2,3,2
05117,2005-10-07,7,7,9,9,0,7,6
05116,2005-10-04,1,4,4,5,9,4,8
05115,2005-10-02,8,6,0,9,4,7,0
05114,2005-09-30,8,5,2,2,7,6,0
05113,2005-09-27,5,2,5,2,0,3,9
05112,2005-09-25,3,4,2,6,3,3,6
05111,2005-09-23,9,6,6,1,3,5,9
05110,2005-09-20,5,1,3,1,4,8,5
05109,2005-09-18,3,1,3,9,4,0,6
05108,2005-09-16,5,3,9,9,1,2,9
05107,2005-09-13,2,9,5,9,2,6,2
05106,2005-09-11,6,2,7,1,4,8,2
05105,2005-09-09,7,8,8,0,5,4,0
05104,2005-09-06,8,3,2,0,7,6,7
05103,2005-09-04,6,7,2,4,3,2,8
05102,2005-09-02,5,8,5,2,8,7,4
05101,2005-08-30,1,8,3,8,7,0,2
05100,2005-08-28,9,0,4,4,2,5,1
05099,2005-08-26,3,5,5,2,5,1,6
05098,2005-08-23,2,9,3,4,5,4,7
05097,2005-08-21,5,5,6,1,5,0,0
05096,2005-08-19,0,3,4,7,9,0,0
05095,2005-08-16,7,9,3,5,3,4,7
05094,2005-08-14,1,4,6,6,2,7,0
05093,2005-08-12,1,3,9,9,0,5,9
05092,2005-08-09,1,8,4,9,5,4,4
05091,2005-08-07,5,2,4,5,6,6,2
05090,2005-08-05,2,3,0,2,8,5,9
05089,2005-08-02,3,2,6,9,9,5,8
05088,2005-07-31,3,3,3,8,7,6,2
05087,2005-07-29,0,7,9,4,5,1,2
05086,2005-07-26,1,7,8,6,5,4,4
05085,2005-07-24,6,1,3,4,6,6,5
05084,2005-07-22,8,3,6,9,7,9,0
05083,2005-07-19,4,6,8,4,9,5,2
05082,2005-07-17,5,1,9,7,9,7,0
05081,2005-07-15,4,1,9,7,5,1,9
05080,2005-07-12,2,2,9,7,2,8,0
05079,2005-07-10,3,7,1,8,2,7,3
05078,2005-07-08,7,2,9,1,6,8,0
05077,2005-07-05,9,7,1,7,9,2,7
05076,2005-07-03,1,6,5,5,8,7,3
05075,2005-07-01,2,4,1,6,5,0,6
05074,2005-06-28,8,8,0,3,2,2,7
05073,2005-06-26,7,1,6,9,3,3,3
05072,2005-06-24,8,6,0,6,1,3,6
05071,2005-06-21,9,6,7,4,9,6,1
05070,2005-06-19,6,6,4,3,9,2,3
05069,2005-06-17,3,9,0,5,0,2,7
05068,2005-06-14,4,8,5,4,9,8,6
05067,2005-06-12,8,6,1,0,2,8,7
05066,2005-06-10,5,1,9,2,0,1,5
05065,2005-06-07,9,9,3,1,0,6,9
05064,2005-06-05,8,3,6,4,5,3,0
05063,2005-06-03,9,7,1,3,4,7,3
05062,2005-05-31,4,3,3,6,7,1,7
05061,2005-05-29,6,5,6,6,4,7,0
05060,2005-05-27,0,1,9,3,2,9,0
05059,2005-05-24,0,1,7,6,8,6,9
05058,2005-05-22,1,7,6,5,2,8,6
05057,2005-05-20,7,6,4,9,1,4,7
05056,2005-05-17,8,8,4,9,9,6,3
05055,2005-05-15,5,0,5,4,4,4,9
05054,2005-05-13,7,8,8,1,8,4,1
05053,2005-05-10,2,1,2,4,7,7,4
05052,2005-05-08,8,2,0,0,2,4,3
05051,2005-05-06,1,9,5,6,4,4,1
05050,2005-05-03,8,7,2,2,5,2,9
05049,2005-05-01,6,8,1,4,3,4,1
05048,2005-04-29,3,0,7,9,0,3,0
05047,2005-04-26,0,1,4,3,3,2,8
05046,2005-04-24,9,2,3,1,2,3,3
05045,2005-04-22,6,2,4,2,8,5,5
05044,2005-04-19,6,5,8,0,4,4,4
05043,2005-04-17,3,3,4,1,2,1,8
05042,2005-04-15,6,5,0,7,0,3,6
05041,2005-04-12,1,0,5,6,3,5,3
05040,2005-04-10,6,6,1,9,5,4,6
05039,2005-04-08,7,0,9,7,1,3,0
05038,2005-04-05,1,7,2,1,7,4,7
05037,2005-04-03,4,3,0,9,0,7,1
05036,2005-04-01,6,3,0,0,8,8,6
05035,2005-03-29,3,1,6,1,5,5,8
05034,2005-03-27,1,2,9,2,8,4,0
05033,2005-03-25,7,4,1,8,9,4,7
05032,2005-03-22,0,9,9,2,3,3,7
05031,2005-03-20,0,6,0,3,2,2,1
05030,2005-03-18,6,1,7,5,8,4,1
05029,2005-03-15,2,7,6,0,2,7,1
05028,2005-03-13,5,9,9,4,5,6,5
05027,2005-03-11,3,5,6,7,5,2,4
05026,2005-03-08,6,9,7,1,5,2,8
05025,2005-03-06,3,3,1,9,4,7,6
05024,2005-03-04,6,2,0,5,1,2,9
05023,2005-03-01,4,9,7,7,8,8,8
05022,2005-02-27,0,7,1,4,3,2,6
05021,2005-02-25,9,8,8,7,8,6,0
05020,2005-02-22,8,0,8,3,0,9,3
05019,2005-02-20,6,9,9,0,1,5,1
05018,2005-02-18,8,1,3,3,8,7,9
05017,2005-02-08,6,0,2,1,3,6,1
05016,2005-02-06,5,0,0,7,3,3,2
05015,2005-02-04,1,0,0,8,8,3,2
05014,2005-02-01,6,1,4,5,0,2,3
05013,2005-01-30,8,8,7,1,9,8,2
05012,2005-01-28,2,4,3,1,9,4,6
05011,2005-01-25,7,3,7,2,7,4,9
05010,2005-01-23,6,1,9,7,1,1,0
05009,2005-01-21,4,8,2,2,6,6,1
05008,2005-01-18,9,5,8,2,0,6,9
05007,2005-01-16,1,9,9,0,1,3,3
05006,2005-01-14,7,0,0,3,1,2,8
05005,2005-01-11,4,3,3,5,6,7,9
05004,2005-01-09,8,7,3,7,7,8,9
05003,2005-01-07,8,5,2,8,2,3,2
05002,2005-01-04,8,2,4,7,6,2,1
05001,2005-01-02,1,1,4,5,5,4,4
04197,2004-12-31,2,0,3,4,3,3,0
04196,2004-12-28,2,4,8,4,4,6,5
04195,2004-12-26,8,1,3,0,7,4,1
04194,2004-12-24,0,0,4,1,5,4,2
04193,2004-12-21,8,1,3,9,5,8,6
04192,2004-12-19,3,1,7,0,8,2,4
04191,2004-12-17,2,9,4,7,6,9,9
04190,2004-12-14,7,5,4,5,8,1,9
04189,2004-12-12,4,8,1,6,8,2,7
04188,2004-12-10,9,1,4,8,3,8,3
04187,2004-12-07,8,1,0,9,3,1,8
04186,2004-12-05,6,1,2,9,9,8,7
04185,2004-12-03,4,4,4,5,1,7,7
04184,2004-11-30,0,0,3,2,3,2,2
04183,2004-11-28,4,3,6,4,1,6,6
04182,2004-11-26,4,4,1,8,0,9,0
04181,2004-11-23,5,2,6,2,2,5,4
04180,2004-11-21,4,4,3,2,4,8,7
04179,2004-11-19,7,1,8,3,2,8,0
04178,2004-11-16,3,1,7,3,8,7,5
04177,2004-11-14,1,9,2,8,8,2,7
04176,2004-11-12,1,5,0,6,8,0,0
04175,2004-11-09,4,1,5,2,4,0,3
04174,2004-11-07,0,7,1,1,3,2,0
04173,2004-11-05,4,7,3,0,4,3,7
04172,2004-11-02,0,0,8,6,1,3,7
04171,2004-10-31,8,6,2,2,1,0,5
04170,2004-10-29,0,9,6,8,5,6,5
04169,2004-10-26,5,3,3,4,6,3,0
04168,2004-10-24,9,9,1,2,9,5,3
04167,2004-10-22,4,0,6,5,0,7,1
04166,2004-10-19,0,5,6,3,6,9,1
04165,2004-10-17,6,3,6,1,8,4,9
04164,2004-10-15,7,3,5,9,1,4,7
04163,2004-10-12,0,0,8,8,3,5,5
04162,2004-10-10,0,7,7,5,9,1,6
04161,2004-10-08,8,8,5,0,1,3,4
04160,2004-10-05,7,0,4,3,5,4,3
04159,2004-10-03,9,2,3,4,3,9,5
04158,2004-10-01,2,5,1,4,9,4,8
04157,2004-09-28,2,8,2,4,0,5,5
04156,2004-09-26,9,8,0,9,9,3,1
04155,2004-09-24,5,6,2,2,4,6,7
04154,2004-09-21,9,4,0,7,3,2,5
04153,2004-09-19,4,5,3,4,9,2,5
04152,2004-09-17,3,7,0,8,4,6,8
04151,2004-09-14,3,5,1,7,6,4,9
04150,2004-09-12,3,9,6,6,1,1,8
04149,2004-09-10,6,3,1,2,5,6,2
04148,2004-09-07,2,2,9,8,6,0,7
04147,2004-09-05,6,0,0,9,6,5,5
04146,2004-09-03,4,9,6,6,5,2,3
04145,2004-09-01,0,7,8,4,1,2,1
04144,2004-08-29,3,9,1,5,8,7,9
04143,2004-08-27,3,3,1,6,3,3,4
04142,2004-08-24,3,3,2,0,5,0,1
04141,2004-08-22,4,2,1,0,5,8,6
04140,2004-08-20,4,8,2,1,2,6,3
04139,2004-08-17,6,5,7,7,0,6,2
04138,2004-08-15,8,0,2,7,6,6,2
04137,2004-08-13,0,8,3,4,9,6,9
04136,2004-08-10,4,3,6,0,0,9,2
04135,2004-08-08,5,2,4,9,4,4,9
04134,2004-08-06,7,8,0,0,1,5,3
04133,2004-08-03,1,3,4,0,4,8,2
04132,2004-08-01,2,3,0,5,5,0,0
04131,2004-07-30,8,1,1,1,5,1,6
04130,2004-07-27,7,6,9,2,8,0,1
04129,2004-07-25,7,8,2,2,7,0,2
04128,2004-07-23,2,1,4,2,5,8,4
04127,2004-07-20,7,6,1,4,0,7,7
04126,2004-07-18,1,2,5,3,3,1,6
04125,2004-07-16,7,6,8,7,4,7,6
04124,2004-07-13,6,9,6,9,5,0,8
04123,2004-07-11,7,3,6,2,9,5,5
04122,2004-07-09,7,5,4,6,9,6,7
04121,2004-07-06,2,6,7,8,0,5,9
04120,2004-07-04,8,8,9,4,3,4,1
04119,2004-07-02,2,6,3,8,7,1,9
04118,2004-06-29,3,8,9,2,9,9,4
04117,2004-06-27,9,5,9,1,5,4,4
04116,2004-06-25,3,0,3,9,8,1,6
04115,2004-06-22,0,7,4,0,2,6,0
04114,2004-06-20,1,1,2,5,4,3,6
04113,2004-06-18,3,2,5,7,4,6,5
04112,2004-06-15,7,1,1,4,5,3,2
04111,2004-06-13,3,8,7,6,4,5,6
04110,2004-06-11,3,9,9,5,7,1,3
04109,2004-06-08,4,3,9,1,3,3,0
04108,2004-06-06,0,7,2,4,6,8,2
04107,2004-06-04,4,7,4,3,2,6,9
04106,2004-06-01,0,7,2,1,0,1,1
04105,2004-05-30,2,7,1,9,2,4,4
04104,2004-05-28,1,2,1,9,9,4,6
04103,2004-05-25,8,7,0,5,4,2,6
04102,2004-05-23,4,1,7,6,9,3,6
04101,2004-05-21,8,5,5,8,5,1,1
